구분,No.,Korean,Scientific,Family,구분,수량
1. 수목원 입구,1,가는잎처녀고사리,Parathelypteris beddomei,처녀고사리과,다년초,
1. 수목원 입구,2,개좀진고사리,Deparia x angustatum,개고사리과,다년초,
1. 수목원 입구,3,고비,Osmunda japonica ,고비과,다년초,
1. 수목원 입구,4,곰의말채나무,Cornus macrophylla,층층나무과,낙엽교목,2
1. 수목원 입구,5,관중,Dryopteris crassirhizoma ,관중과,다년초,
1. 수목원 입구,6,남천,Nandina domestica,매자나무과,낙엽관목,150
1. 수목원 입구,7,일본조팝 '골드 마운드',Spiraea japonica 'Gold Mound',장미과,낙엽관목,50
1. 수목원 입구,8,돌나물,Sedum sarmentosum,돌나물과,다년초,
1. 수목원 입구,9,동백나무,Camellia japonica,차나무과,상록관목,70
1. 수목원 입구,10,두릅나무,Aralia elata,두릅나무과,낙엽관목,1
1. 수목원 입구,11,때죽나무,Styrax japonicus,때죽나무과,낙엽관목,5
1. 수목원 입구,12,뜰보리수,Elaeagnus multiflora,보리수나무과,낙엽관목,1
1. 수목원 입구,13,말오줌때,Euscaphis japonica,고추나무과,낙엽관목,15
1. 수목원 입구,14,맥문동,Liriope platyphylla,백합과,다년초,
1. 수목원 입구,15,미국담쟁이덩굴,Parthenocissus quinquefolia ,포도과,낙엽덩굴목본,
1. 수목원 입구,16,박태기나무,Cercis chinensis,콩과,낙엽관목,15
1. 수목원 입구,17,뱀고사리,Athyrium yokoscense,개고사리과,다년초,
1. 수목원 입구,18,산검양옻나무,Rhus sylvestris,옻나무과,낙엽교목,3
1. 수목원 입구,19,산수국,Hydrangea serrata f. acuminata ,수국과,낙엽관목,150
1. 수목원 입구,20,산수유,Cornus officinalis,층층나무과,낙엽관목,4
1. 수목원 입구,21,삼지구엽초,Epimedium koreanum,매자나무과,다년초,
1. 수목원 입구,22,소나무,Pinus densiflora,소나무과,상록교목,다수
1. 수목원 입구,23,애기말발도리,Deutzia gracilis ,범의귀과,낙엽관목,200
1. 수목원 입구,24,영산홍,Rhododendron indicum ,진달래과,낙엽관목,다수
1. 수목원 입구,25,음나무,Kalopanax septemlobus,두릅나무과,낙엽교목,1
1. 수목원 입구,26,전나무,Abies holophylla,가문비나무과,상록교목,1
1. 수목원 입구,27,진달래,Rhododendron mucronulatum ,진달래과,낙엽관목,50
1. 수목원 입구,28,쪽동백나무,Styrax obassia ,때죽나무과,낙엽교목,1
1. 수목원 입구,29,풍접초,Cleome hassleriana,풍접초과,1년초,
1. 수목원 입구,30,후피향나무,Ternstroemia gymnanthera,차나무과,상록관목,6
2. 철쭉원,1,만첩산철쭉,Rhododendron yedoense,진달래과,낙엽관목,다수
2. 철쭉원,2,구골나무,Osmanthus heterophyllus ,물푸레나무과,상록관목,2
2. 철쭉원,3,꽝꽝나무,Ilex crenata,감탕나무과,상록관목,1
2. 철쭉원,4,눈향나무,Juniperus chinensis var. sargentii,측백나무과,상록관목,3
2. 철쭉원,5,다정큼나무,Rhaphiolepis indica var. umbellata,장미과,상록관목,1
2. 철쭉원,6,단풍철쭉,Enkianthus campanulatus ,진달래과,낙엽관목,5
2. 철쭉원,7,동백나무,Camellia japonica,차나무과,상록관목,8
2. 철쭉원,8,두릅나무,Aralia elata,두릅나무과,낙엽관목,1
2. 철쭉원,9,때죽나무,Styrax japonicus,때죽나무과,낙엽관목,5
2. 철쭉원,10,마가목,Sorbus commixta,장미과,낙엽관목,5
2. 철쭉원,11,무늬네군도단풍,Acer negundo 'Variegatum',단풍나무과,낙엽관목,1
2. 철쭉원,12,반송,Pinus densiflora f. multicaulis,소나무과,상록관목,3
2. 철쭉원,13,배롱나무,Lagerstroemia indica,부처꽃과,낙엽관목,3
2. 철쭉원,14,벚나무,Prunus serrulata var. spontanea ,장미과,낙엽교목,1
2. 철쭉원,15,보리수나무,Elaeagnus umbellata ,보리수나무과,낙엽관목,2
2. 철쭉원,16,비목나무,Lindera erythrocarpa,녹나무과,낙엽교목,2
2. 철쭉원,17,산딸나무,Cornus kousa,층층나무과,낙엽교목,4
2. 철쭉원,18,산벚나무,Prunus sargentii ,장미과,낙엽교목,1
2. 철쭉원,19,산수유,Cornus officinalis,층층나무과,낙엽관목,6
2. 철쭉원,20,산철쭉,Rhododendron yedoense f. poukhanense ,진달래과,낙엽관목,다수
2. 철쭉원,21,소나무,Pinus densiflora,진달래과,상록교목,2
2. 철쭉원,22,아그배나무,Malus sieboldii ,장미과,낙엽관목,1
2. 철쭉원,23,영산홍,Rhododendron indicum ,진달래과,낙엽관목,다수
2. 철쭉원,24,은목서,Osmanthus x fortunei ,물푸레나무과,상록관목,1
2. 철쭉원,25,자란,Bletilla striata,난초과,다년초,
2. 철쭉원,26,정금나무,Vaccinium oldhamii,진달래과,낙엽관목,5
2. 철쭉원,27,진달래,Rhododendron mucronulatum ,진달래과,낙엽관목,100
2. 철쭉원,28,참꽃나무,Rhododendron weyrichii,진달래과,낙엽관목,50
2. 철쭉원,29,천일홍,Gomphrena globosa,비름과,1년초,
2. 철쭉원,30,해바라기,Helianthus annuus,국화과,1년초,
2. 철쭉원,31,호랑가시나무,Ilex cornuta ,감탕나무과,상록관목,1
2. 철쭉원,32,홍단풍,Acer palmatum var. speciosum,단풍나무과,낙엽관목,9
2. 철쭉원,33,화살나무,Euonymus alatus,노박덩굴과,낙엽관목,9
2. 철쭉원,34,황철쭉,Rhododendron japonicum f. flavum,진달래과,낙엽관목,15
2. 철쭉원,35,후피향나무,Ternstroemia gymnanthera,차나무과,상록관목,7
3. 목련원,1,개나리,Forsythia koreana,물푸레나무과,낙엽관목,10
3. 목련원,2,겹백목련,Magnolia denudata (double),목련과,낙엽교목,1
3. 목련원,3,까실쑥부쟁이류,Aster sp.,국화과,다년초,
3. 목련원,4,꽃사과나무,Malus floribunda ,장미과,낙엽관목,4
3. 목련원,5,두릅나무,Aralia elata,두릅나무과,낙엽관목,1
3. 목련원,6,목련 '콜룸너 핑크',Magnolia 'Columnar Pink',목련과,낙엽교목,1
3. 목련원,7,목련류,Magnolia sp.,목련과,낙엽교목,25
3. 목련원,8,물억새,Miscanthus sacchariflorus,벼과,다년초,
3. 목련원,9,벌개미취,Aster koraiensis ,국화과,다년초,
3. 목련원,10,별목련,Magnolia stellata,목련과,낙엽교목,1
3. 목련원,11,사람주나무,Sapium japonicum,대극과,낙엽교목,1
3. 목련원,12,산딸나무,Cornus kousa,층층나무과,낙엽교목,1
3. 목련원,13,산철쭉,Rhododendron yedoense f. poukhanense ,진달래과,낙엽관목,10
3. 목련원,14,싸리,Lespedeza bicolor ,콩과,낙엽관목,1
3. 목련원,15,억새,Miscanthus sinensis var. purpurascens,벼과,다년초,
3. 목련원,16,영산홍,Rhododendron indicum ,진달래과,낙엽관목,다수
3. 목련원,17,올괴불나무,Lonicera praeflorens,인동과,낙엽관목,1
3. 목련원,18,일본목련,Magnolia obovata,목련과,낙엽교목,6
3. 목련원,19,작살나무,Callicarpa japonica,마편초과,낙엽관목,1
3. 목련원,20,졸참나무,Quercus serrata,참나무과,낙엽교목,2
3. 목련원,21,주걱비비추,Hosta clausa ,비비추과,다년초,
3. 목련원,22,쪽동백나무,Styrax obassia ,때죽나무과,낙엽교목,1
3. 목련원,23,털조록싸리,Lespedeza maximowiczii var. tomentella,콩과,낙엽관목,1
3. 목련원,24,후박나무,Machilus thunbergii ,녹나무과,상록교목,1
4. 갈매나무원,1,고광나무,Philadelphus schrenkii ,장미과,낙엽관목,3
4. 갈매나무원,2,굴참나무,Quercus variabilis ,참나무과,낙엽교목,1
4. 갈매나무원,3,까마귀베개,Rhamnella franguloides,갈매나무과,낙엽관목,5
4. 갈매나무원,4,대추나무,Zizyphus jujuba,갈매나무과,낙엽관목,20
4. 갈매나무원,5,돌갈매나무,Rhamnus parvifolia,갈매나무과,낙엽관목,6
4. 갈매나무원,6,먹넌출,Berchemia racemosa var. magna,갈매나무과,낙엽덩굴목본,10
4. 갈매나무원,7,묏대추나무,Zizyphus jujuba,갈매나무과,낙엽관목,6
4. 갈매나무원,8,벌개미취,Aster koraiensis ,국화과,다년초,
4. 갈매나무원,9,산딸나무,Cornus kousa,층층나무과,낙엽교목,2
4. 갈매나무원,10,살구나무,Prunus armeniaca var. ansu,장미과,낙엽관목,2
4. 갈매나무원,11,상동나무,Sageretia thea,갈매나무과,낙엽관목,1
4. 갈매나무원,12,섬쑥부쟁이,Aster glehnii,국화과,다년초,
4. 갈매나무원,13,소나무,Pinus densiflora,소나무과,상록교목,5
4. 갈매나무원,14,이나무,Idesia polycarpa ,이나무과,낙엽교목,1
4. 갈매나무원,15,이팝나무,Chionanthus retusus,물푸레나무과,낙엽교목,12
4. 갈매나무원,16,참느릅나무,Ulmus parvifolia ,느릅나무과,낙엽교목,2
4. 갈매나무원,17,참취,Aster scaber,국화과,다년초,
4. 갈매나무원,18,태백기린초,Sedum latiovalifolium,돌나물과,다년초,
4. 갈매나무원,19,편백,Chamaecyparis obtusa,측백나무과,상록교목,3
4. 갈매나무원,20,헛개나무,Hovenia dulcis ,갈매나무과,낙엽교목,6
4. 갈매나무원,21,홀아비꽃대,Chloranthus japonicus,홀아비꽃대과,다년초,
4. 갈매나무원,22,회잎나무,Euonymus alatus f. ciliatodentatus,노박덩굴과,낙엽관목,2
5. 덩굴식물원,1,왕머루,Vitis amurensis,포도과,낙엽덩굴목본,3
5. 덩굴식물원,2,먹넌출,Berchemia racemosa var. magna,갈매나무과,낙엽덩굴목본,3
5. 덩굴식물원,3,산벚나무,Prunus sargentii ,장미과,낙엽교목,1
5. 덩굴식물원,4,양다래(키위),Actinidia deliciosa,다래나무과,낙엽덩굴목본,2
5. 덩굴식물원,5,오미자,Schisandra chinensis,오미자과,낙엽덩굴목본,3
5. 덩굴식물원,6,왕원추리,Hemerocallis fulva f. kwanso,백합과,다년초,
5. 덩굴식물원,7,이팝나무,Chionanthus retusus,물푸레나무과,낙엽교목,50
5. 덩굴식물원,8,주걱비비추,Hosta clausa ,백합과,다년초,
5. 덩굴식물원,9,큰꿩의비름,Hylotelephium spectabile,돌나물과,다년초,
5. 덩굴식물원,10,팽나무,Celtis sinensis ,느릅나무과,낙엽교목,2
5. 덩굴식물원,11,포도,Vitis vinifera,포도과,낙엽덩굴목본,1
6. 야생화원 ②,1,감나무,Diospyros kaki ,감나무과,낙엽교목,5
6. 야생화원 ②,2,개족도리풀,Asarum maculatum ,쥐방울덩굴과,다년초,
6. 야생화원 ②,3,개회나무,Syringa reticulata var. mandshurica,물푸레나무과,낙엽교목,1
6. 야생화원 ②,4,갯방풍,Glehnia littoralis ,산형과,다년초,
6. 야생화원 ②,5,고광나무,Philadelphus schrenkii ,장미과,낙엽관목,30
6. 야생화원 ②,6,금강초롱꽃,Hanabusaya asiatica,초롱꽃과,다년초,
6. 야생화원 ②,7,금꿩의다리,Thalictrum rochebrunianum var. grandisepalum,미나리아재비과,다년초,
6. 야생화원 ②,8,꼬리진달래,Rhododendron micranthum ,진달래과,낙엽관목,4
6. 야생화원 ②,9,꽃창포,Iris ensata var. spontanea,붓꽃과,다년초,
6. 야생화원 ②,10,나도밤나무,Meliosma myriantha ,나도밤나무과,낙엽교목,1
6. 야생화원 ②,11,납매,Chimonanthus praecox ,받침꽃과,낙엽관목,5
6. 야생화원 ②,12,노각나무,Stewartia pseudocamellia ,차나무과,낙엽교목,3
6. 야생화원 ②,13,눈향나무,Juniperus chinensis var. sargentii,측백나무과,상록관목,5
6. 야생화원 ②,14,뚝갈,Patrinia villosa,마타리과,다년초,
6. 야생화원 ②,15,모감주나무,Koelreuteria paniculata,무환자나무과,낙엽교목,12
6. 야생화원 ②,16,무궁화,Hibiscus syriacus,아욱과,낙엽관목,4
6. 야생화원 ②,17,무화과나무,Ficus carica,뽕나무과,낙엽관목,5
6. 야생화원 ②,18,미선나무,Abeliophyllum distichum,물푸레나무과,낙엽관목,10
6. 야생화원 ②,19,반디지치,Lithospermum zollingeri ,지치과,다년초,
6. 야생화원 ②,20,홍자단,Cotoneaster horizontalis,장미과,낙엽관목,10
6. 야생화원 ②,21,병꽃나무,Weigela subsessilis,인동과,낙엽관목,10
6. 야생화원 ②,22,봉래꼬리풀,Veronica kiusiana var. diamantiaca ,현삼과,다년초,
6. 야생화원 ②,23,뻐꾹나리,Tricyrtis macropoda,백합과,다년초,
6. 야생화원 ②,24,새우난초,Calanthe discolor ,난초과,다년초,
6. 야생화원 ②,25,서어나무,Carpinus laxiflora,자작나무과,낙엽교목,1
6. 야생화원 ②,26,섬시호,Bupleurum latissimum,산형과,다년초,
6. 야생화원 ②,27,소사나무,Carpinus turczaninowii,자작나무과,낙엽교목,3
6. 야생화원 ②,28,쑥부쟁이,Aster yomena,국화과,다년초,
6. 야생화원 ②,29,애기말발도리,Deutzia gracilis ,범의귀과,낙엽관목,70
6. 야생화원 ②,30,은사시나무,Populus tomentiglandulosa,버드나무과,낙엽교목,2
6. 야생화원 ②,31,이팝나무,Chionanthus retusus,물푸레나무과,낙엽교목,15
6. 야생화원 ②,32,일본매자나무,Berberis thunbergii,매자나무과,낙엽관목,30
6. 야생화원 ②,33,장수만리화,Forsythia velutina ,물푸레나무과,낙엽관목,30
6. 야생화원 ②,34,졸참나무,Quercus serrata,참나무과,낙엽교목,5
6. 야생화원 ②,35,서울족도리풀,Asarum heterotropoides var. seoulense,쥐방울덩굴과,다년초,
6. 야생화원 ②,36,한라개승마,Aruncus aethusifolius,장미과,다년초,
6. 야생화원 ②,37,한라구절초,Dendranthema coreanum,국화과,다년초,
6. 야생화원 ②,38,한라부추,Allium taquetii,백합과,다년초,
7. 상록수원,1,가는잎조팝나무,Spiraea thunbergii ,장미과,낙엽관목,30
7. 상록수원,2,가문비나무류 ,Picea sp. ,소나무과,상록교목,1
7. 상록수원,3,개잎갈나무,Cedrus deodara,소나무과,상록교목,2
7. 상록수원,4,고욤나무,Diospyros lotus,감나무과,낙엽교목,2
7. 상록수원,5,광나무,Ligustrum japonicum ,물푸레나무과,상록교목,20
7. 상록수원,6,구골나무,Osmanthus heterophyllus ,물푸레나무과,상록관목,2
7. 상록수원,7,구상나무,Abies koreana,소나무과,상록교목,1
7. 상록수원,8,구실잣밤나무,Castanopsis sieboldii ,참나무과,상록교목,5
7. 상록수원,9,굴거리나무,Daphniphyllum macropodum,굴거리나무과,상록교목,12
7. 상록수원,10,금목서,Osmanthus fragrans var. aurantiacus,물푸레나무과,상록관목,1
7. 상록수원,11,금빛향나무,Juniperus chinensis 'Aureo Variegata',측백나무과,상록교목,1
7. 상록수원,12,금송,Sciadopitys verticillata,낙우송과,상록교목,4
7. 상록수원,13,꽃댕강나무,Abelia x grandiflora,인동과,낙엽관목,30
7. 상록수원,14,꽝꽝나무,Ilex crenata,감탕나무과,상록관목,3
7. 상록수원,15,나한송,Podocarpus macrophyllus,나한송과,상록교목,3
7. 상록수원,16,낙우송,Taxodium distichum,낙우송과,낙엽교목,2
7. 상록수원,17,넓은잎호랑가시나무,Ilex latifolia,감탕나무과,상록교목,1
7. 상록수원,18,노랑잎댕강나무,Abelia mosanensis 'Aurea',인동과,낙엽관목,10
7. 상록수원,19,다정큼나무,Rhaphiolepis indica var. umbellata,장미과,상록관목,12
7. 상록수원,20,덜꿩나무,Viburnum erosum ,인동과,낙엽관목,2
7. 상록수원,21,독일가문비,Picea abies,소나무과,상록교목,1
7. 상록수원,22,돈나무,Pittosporum tobira,돈나무과,상록관목,4
7. 상록수원,23,동백 '안티시페이션',Camellia x williamsii 'Anticipation',차나무과,상록관목,1
7. 상록수원,24,두릅나무,Aralia elata,두릅나무과,낙엽관목,10
7. 상록수원,25,둥근잎광나무,Ligustrum japonicum 'Rotundifolium',물푸레나무과,상록교목,10
7. 상록수원,26,때죽나무,Styrax japonicus,때죽나무과,낙엽교목,1
7. 상록수원,27,레우코토에 '레인보우',Leucothoe fontanesiana 'Rainbow' ,진달래과,상록관목,1
7. 상록수원,28,먼나무,Ilex rotunda,감탕나무과,상록교목,10
7. 상록수원,29,모밀잣밤나무,Castanopsis cuspidata,참나무과,상록교목,1
7. 상록수원,30,무늬리네아돌나물,Sedum lineare 'Variegatum' ,돌나물과,다년초,1
7. 상록수원,31,무늬병꽃나무,Weigela subsessilis 'Variegatus',인동과,낙엽관목,1
7. 상록수원,32,무늬소나무,Pinus densiflora 'Oculus Draconis',소나무과,상록교목,3
7. 상록수원,33,바하버 눈향나무,Juniperus horizontalis 'Bar Harbor' ,측백나무과,상록관목,3
7. 상록수원,34,박태기나무,Cercis chinensis,콩과,낙엽관목,10
7. 상록수원,35,백송,Pinus bungeana ,소나무과,상록교목,1
7. 상록수원,36,보리수나무,Elaeagnus umbellata ,보리수나무과,낙엽관목,1
7. 상록수원,37,붉가시나무,Quercus acuta ,참나무과,상록교목,8
7. 상록수원,38,붓순나무,Illicium anisatum,붓순나무과,상록관목,2
7. 상록수원,39,비파나무,Eriobotrya japonica,장미과,상록교목,2
7. 상록수원,40,산딸나무,Cornus kousa,층층나무과,낙엽교목,1
7. 상록수원,41,삼나무,Cryptomeria japonica,낙우송과,상록교목,26
7. 상록수원,42,생달나무,Cinnamomum yabunikkei,녹나무과,상록교목,1
7. 상록수원,43,서양측백나무,Thuja occidentalis,측백나무과,상록교목,4
7. 상록수원,44,서양측백 '에메랄드 골드', Thuja occidentalis 'Emerald Gold' ,측백나무과,상록교목,5
7. 상록수원,45,서양측백 '에메랄드 그린', Thuja occidentalis 'Emerald Green' ,측백나무과,상록교목,1
7. 상록수원,46,솔송나무,Tsuga sieboldii ,소나무과,상록교목,2
7. 상록수원,47,스코풀로룸 향나무 '스카이로켓',Juniperus scopulorum 'Skyrocket' ,측백나무과,상록교목,4
7. 상록수원,48,실화백,Chamaecyparis pisifera,측백나무과,상록교목,3
7. 상록수원,49,아왜나무,Viburnum odoratissimum var. awabuki ,인동과,상록교목,3
7. 상록수원,50,애기동백나무,Camellia sasanqua,차나무과,상록교목,6
7. 상록수원,51,오엽송,Pinus parviflora Glauca Group,소나무과,상록교목,3
7. 상록수원,52,우묵사스레피,Eurya emarginata,차나무과,상록관목,6
7. 상록수원,53,원추리 '스텔라',Hemerocallis 'Stella de Oro' ,백합과,다년초,
7. 상록수원,54,육박나무,Actinodaphne lancifolia,녹나무과,상록교목,3
7. 상록수원,55,은목서,Osmanthus x fortunei ,물푸레나무과,상록교목,4
7. 상록수원,56,음나무,Kalopanax septemlobus,두릅나무과,낙엽교목,1
7. 상록수원,57,인동덩굴(홍금은화),Lonicera japonica (pink),인동과,낙엽덩굴목본,1
7. 상록수원,58,일본산수국,Hydrangea sp.,수국과,낙엽관목,3
7. 상록수원,59,작살나무,Callicarpa japonica,마편초과,낙엽관목,1
7. 상록수원,60,잣나무,Pinus koraiensis ,소나무과,상록교목,1
7. 상록수원,61,조록나무,Distylium racemosum,조록나무과,상록교목,1
7. 상록수원,62,조팝나무,Spiraea prunifolia f. simpliciflora,장미과,낙엽관목,20
7. 상록수원,63,좀꽝꽝나무,Ilex crenata var. microphylla,감탕나무과 ,상록관목,4
7. 상록수원,64,종가시나무,Quercus glauca,참나무과,상록교목,24
7. 상록수원,65,줄사철나무,Euonymus fortunei var. radicans,노박덩굴과,상록관목,1
7. 상록수원,66,중국산딸나무,Cornus kousa subsp. Chinensis,층층나무과,낙엽교목,1
7. 상록수원,67,진달래,Rhododendron mucronulatum ,진달래과,낙엽관목,10
7. 상록수원,68,참가시나무,Quercus salicina ,참나무과,상록교목,11
7. 상록수원,69,치자나무,Gardenia jasminoides,꼭두서니과,상록관목,3
7. 상록수원,70,칠엽수,Aesculus turbinata,칠엽수과,낙엽교목,3
7. 상록수원,71,칼리키눔 물레나물,Hypericum calycinum ,물레나물과,낙엽관목,1
7. 상록수원,72,털설구화 '라나스',Viburnum plicatum f. tomentosum 'Lanarth',인동과,낙엽관목,6
7. 상록수원,73,털조록싸리,Lespedeza maximowiczii var. tomentella,콩과,낙엽관목,1
7. 상록수원,74,팔손이,Fatsia japonica ,두릅나무과,상록관목,1
7. 상록수원,75,팥배나무,Sorbus alnifolia,장미과,낙엽교목,1
7. 상록수원,76,향나무류 '히버니카',Juniperus communis 'Hibernica' ,측백나무과,상록교목,3
7. 상록수원,77,향나무류 1,Juniperus sp. ,측백나무과,상록교목,4
7. 상록수원,78,향나무류 2,Juniperus sp. ,측백나무과,상록교목,2
7. 상록수원,79,향나무류 3,Juniperus sp. ,측백나무과,상록교목,2
7. 상록수원,80,호랑가시나무 '버포드 나나',Ilex cornuta 'Burfordii Nana' ,감탕나무과,상록관목,1
7. 상록수원,81,홍가시나무,Photinia glabra,장미과,낙엽교목,25
7. 상록수원,82,화백,Chamaecyparis pisifera,측백나무과,상록교목,1
7. 상록수원,83,황금실화백,Chamaecyparis pisifera 'Filifera Aurea',측백나무과,상록교목,1
7. 상록수원,84,황금측백나무,Platycladus orientalis 'Aurea Nana' ,측백나무과,상록관목,5
7. 상록수원,85,황칠나무,Dendropanax morbiferus ,두릅나무과,상록교목,1
7. 상록수원,86,후박나무,Machilus thunbergii ,녹나무과,상록교목,11
8. 지피원,1,감나무,Diospyros kaki ,감나무과,낙엽교목,4
8. 지피원,2,코니카사초 '스노우라인',Carex conica 'Snowline' ,사초과,다년초,
8. 지피원,3,금낭화,Dicentra spectabilis,현호색과,다년초,
8. 지피원,4,금잔화,Calendula arvensis,국화과,다년초,
8. 지피원,5,금테사철나무,Euonymus japonicus 'Aureo-marginata',노박덩굴과,상록관목,1
8. 지피원,6,글라우카 김의털,Festuca glauca,벼과,다년초,
8. 지피원,7,꼬리조팝나무,Spiraea salicifolia,장미과,낙엽관목,30
8. 지피원,8,꽃댕강나무,Abelia x grandiflora,인동과,낙엽관목,20
8. 지피원,9,노랑말채나무,Cornus sericea 'Flaviramea',층층나무과,낙엽관목,3
8. 지피원,10,노랑무늬 쑥부쟁이,Aster pinnatifida 'Variegata',국화과,다년초,
8. 지피원,11,해변노간주,Juniperus rigida var. conferta ,측백나무과,상록관목,1
8. 지피원,12,다정큼나무,Rhaphiolepis indica var. umbellata,장미과,상록관목,4
8. 지피원,13,댓잎구골나무,Osmanthus heterophyllus ,물푸레나무과,상록관목,4
8. 지피원,14,등나무,Wisteria floribunda,콩과,낙엽관목,1
8. 지피원,15,딱총나무,Sambucus williamsii var. coreana,인동과,낙엽관목,1
8. 지피원,16,뜰보리수,Elaeagnus multiflora,보리수나무과,낙엽관목,1
8. 지피원,17,명자나무,Chaenomeles japonica,장미과,낙엽관목,1
8. 지피원,18,명자나무(흑광),Chaenomeles japonica,장미과,낙엽관목,1
8. 지피원,19,무늬 수호초,Pachysandra terminalis 'Variegatus',회양목과,다년초,
8. 지피원,20,무늬 피라칸사,Pyracantha sp.,장미과,낙엽관목,2
8. 지피원,21,무늬 황매화,Kerria japonica 'Variegata',장미과,낙엽관목,10
8. 지피원,22,무스카리,Muscari armeniacum ,백합과,다년초,
8. 지피원,23,물레나물 '히드코트',Hypericum 'Hidcote',물레나물과,다년초,5
8. 지피원,24,참억새 '모닝라이트',Miscanthus sinensis 'Morning Light' ,벼과,다년초,
8. 지피원,25,참억새 '제브리너스',Miscanthus sinensis 'Zebrinus' ,벼과,다년초,
8. 지피원,26,미국산딸나무,Cornus florida,층층나무과,낙엽교목,2
8. 지피원,27,배롱나무,Lagerstroemia indica,부처꽃과,낙엽관목,5
8. 지피원,28,베르날리스 풍년화,Hamamelis vernalis,조록나무과,낙엽관목,1
8. 지피원,29,복사나무,Prunus persica,장미과,낙엽관목,1
8. 지피원,30,복사나무 '남경도',Prunus persica 'Namkyeongdo',장미과,낙엽관목,2
8. 지피원,31,비비추류 1,Hosta sp.,비비추과,다년초,
8. 지피원,32,비타민나무,Hippophae rhamnoides,보리수나무과,낙엽관목,10
8. 지피원,33,사사,Pleioblastus sp.,벼과,상록관목,2
8. 지피원,34,사철나무,Euonymus japonicus,노박덩굴과,상록관목,20
8. 지피원,35,사철채송화(송엽국),Lampranthus spectabilis,번행초과,다년초,
8. 지피원,36,산딸나무,Cornus kousa,층층나무과,낙엽교목,6
8. 지피원,37,서양톱풀,Achillea millefolium,국화과,다년초,
8. 지피원,38,서양톱풀 '썸머 파스텔',Achillea millefolium 'Summer Pastels' ,국화과,다년초,
8. 지피원,39,설구화,Viburnum plicatum,인동과,낙엽관목,3
8. 지피원,40,소주조팝나무 ,Spiraea prunifolia,장미과,낙엽관목,1
8. 지피원,41,수양 꽃사과,Malus floribunda 'Pendula',장미과,낙엽관목,1
8. 지피원,42,수양 때죽나무,Styrax japonicus 'Pendula',때죽나무과,낙엽관목,1
8. 지피원,43,술패랭이꽃,Dianthus longicalyx ,석죽과,다년초,
8. 지피원,44,스카브라 말발도리 (무늬),Deutzia scabra 'Variegata',범의귀과,낙엽관목,10
8. 지피원,45,실화백,Chamaecyparis pisifera,측백나무과,상록교목,3
8. 지피원,46,애기동백나무,Camellia sasanqua,차나무과,상록관목,1
8. 지피원,47,왜성 배롱나무,Lagerstroemia indica 'Dwarf',부처꽃과,낙엽관목,5
8. 지피원,48,이스라지,Prunus japonica var. nakaii,장미과,낙엽관목,12
8. 지피원,49,자란,Bletilla striata,난초과,다년초,
8. 지피원,50,장수박태기나무,Cercis sp.,콩과,낙엽교목,2
8. 지피원,51,좀꽝꽝나무,Ilex crenata var. microphylla,감탕나무과,상록관목,1
8. 지피원,52,종지나물,Viola papilionacea,제비꽃과,다년초,
8. 지피원,53,주걱비비추,Hosta clausa ,비비추과,다년초,
8. 지피원,54,줄사철나무,Euonymus fortunei var. radicans,노박덩굴과,상록관목,5
8. 지피원,55,처진뽕나무,Morus alba f. pendula,뽕나무과,낙엽교목,1
8. 지피원,56,처진소나무,Pinus densiflora 'Pendula',소나무과,낙엽교목,1
8. 지피원,57,팜파스그라스,Cortaderia selloana,벼과,다년초,
8. 지피원,58,팥꽃나무,Daphne genkwa ,팥꽃나무과,낙엽관목,8
8. 지피원,59,풍년화,Hamamelis japonica,조록나무과,낙엽관목,1
8. 지피원,60,풍접초,Cleome hassleriana,풍접초과,1년초,
8. 지피원,61,하늘매발톱,Aquilegia japonica,미나리아재비과,다년초,
8. 지피원,62,해당화,Rosa rugosa,장미과,낙엽관목,50
8. 지피원,63,헬레보루스,Helleborus orientalis ,미나리아재비과,다년초,
8. 지피원,64,호랑가시나무,Ilex cornuta,감탕나무과,상록교목,21
8. 지피원,65,홍가시나무,Photinia glabra,장미과,낙엽교목,2
8. 지피원,66,홍단풍,Acer palmatum var. speciosum,단풍나무과,낙엽교목,1
8. 지피원,67,홍자단,Cotoneaster horizontalis ,장미과,낙엽관목,1
8. 지피원,68,황금측백나무,Platycladus orientalis 'Aurea Nana' ,측백나무과,상록관목,
8. 지피원,69,회양목,Buxus koreana ,회양목과,상록관목,5
8. 지피원,70,후박나무,Machilus thunbergii ,녹나무과,상록교목,1
9. 조팝나무원,1,가는잎처녀고사리,Parathelypteris beddomei,처녀고사리과,다년초,
9. 조팝나무원,2,가침박달,Exochorda serratifolia ,장미과,낙엽관목,4
9. 조팝나무원,3,고로쇠나무,Acer pictum subsp. mono,단풍나무과,낙엽교목,2
9. 조팝나무원,4,고추나무,Staphylea bumalda,고추나무과,낙엽관목,4
9. 조팝나무원,5,공조팝나무,Spiraea cantoniensis,장미과,낙엽관목,50
9. 조팝나무원,6,구실잣밤나무,Castanopsis sieboldii ,참나무과,상록교목,5
9. 조팝나무원,7,귀룽나무,Prunus padus,장미과,낙엽교목,2
9. 조팝나무원,8,꽃범의꼬리,Physostegia virginiana,꿀풀과,다년초,
9. 조팝나무원,9,꽃사과나무,Malus floribunda ,장미과,낙엽관목,2
9. 조팝나무원,10,꽝꽝나무,Ilex crenata,감탕나무과,상록관목,1
9. 조팝나무원,11,나도밤나무,Meliosma myriantha ,나도밤나무과,낙엽교목,1
9. 조팝나무원,12,두릅나무,Aralia elata,두릅나무과,낙엽관목,20
9. 조팝나무원,13,등나무,Wisteria floribunda,콩과,낙엽덩굴목본,1
9. 조팝나무원,14,떡갈나무,Quercus dentata,참나무과,낙엽교목,7
9. 조팝나무원,15,만첩조팝나무,Spiraea prunifolia ,장미과,낙엽관목,10
9. 조팝나무원,16,매실나무,Prunus mume,장미과,낙엽관목,5
9. 조팝나무원,17,문배,Pyrus ussuriensis var. seoulensis ,장미과,낙엽관목,3
9. 조팝나무원,18,미스김 라일락,Syringa pubescens subsp. patula 'Miss Kim',물푸레나무과,낙엽관목,5
9. 조팝나무원,19,박태기나무,Cercis chinensis,콩과,낙엽관목,3
9. 조팝나무원,20,박태기나무류 (yellow),Cercis sp.,콩과,낙엽관목,3
9. 조팝나무원,21,밤나무,Castanea crenata,참나무과,낙엽교목,2
9. 조팝나무원,22,산벚나무,Prunus sargentii ,장미과,낙엽교목,40
9. 조팝나무원,23,복자기,Acer triflorum,단풍나무과,낙엽교목,18
9. 조팝나무원,24,뻐꾹나리,Tricyrtis macropoda,백합과,다년초,
9. 조팝나무원,25,산겨릅나무,Acer tegmentosum,단풍나무과,낙엽교목,4
9. 조팝나무원,26,산딸나무,Cornus kousa,층층나무과,낙엽교목,12
9. 조팝나무원,27,살구나무,Prunus armeniaca var. ansu,장미과,낙엽교목,1
9. 조팝나무원,28,일본조팝나무 '시로바나',Spiraea japonica 'Shirobana',장미과,낙엽관목,100
9. 조팝나무원,29,서양측백 '에메랄드 그린', Thuja occidentalis 'Emerald Green' ,측백나무과,상록교목,1
9. 조팝나무원,30,서어나무,Carpinus laxiflora,자작나무과,낙엽교목,2
9. 조팝나무원,31,털설구화 '라나스',Viburnum plicatum f. tomentosum 'Lanarth',인동과,낙엽관목,3
9. 조팝나무원,32,양국수나무 '디아블로',Physocarpus opulifolius 'Diabolo',장미과,낙엽관목,3
9. 조팝나무원,33,왕머루,Vitis amurensis,포도과,낙엽덩굴목본,1
9. 조팝나무원,34,으름덩굴,Akebia quinata,으름덩굴과,낙엽덩굴목본,1
9. 조팝나무원,35,음나무,Kalopanax septemlobus,두릅나무과,낙엽교목,1
9. 조팝나무원,36,이팝나무,Chionanthus retusus,물푸레나무과,낙엽교목,10
9. 조팝나무원,37,일본조팝나무,Spiraea japonica,장미과,낙엽관목,10
9. 조팝나무원,38,자귀나무,Albizia julibrissin,콩과,낙엽교목,1
9. 조팝나무원,39,조팝나무,Spiraea prunifolia f. simpliciflora,장미과,낙엽관목,200
9. 조팝나무원,40,졸참나무,Quercus serrata,참나무과,낙엽교목,3
9. 조팝나무원,41,중국윤노리나무,Photinia beauverdiana ,장미과,낙엽교목,3
9. 조팝나무원,42,진달래,Rhododendron mucronulatum ,진달래과,낙엽관목,5
9. 조팝나무원,43,쪽동백나무,Styrax obassia ,때죽나무과,낙엽교목,3
9. 조팝나무원,44,참꽃나무,Rhododendron weyrichii,진달래과,낙엽관목,20
9. 조팝나무원,45,콩배나무,Pyrus calleryana var. fauriei ,장미과,낙엽교목,2
9. 조팝나무원,46,큰꿩의비름,Hylotelephium spectabile,돌나물과,다년초,
9. 조팝나무원,47,털조록싸리,Lespedeza maximowiczii var. tomentella,콩과,낙엽관목,1
9. 조팝나무원,48,피나무,Tilia amurensis ,피나무과,낙엽교목,2
10. 식용수원,1,가래나무,Juglans mandshurica,가래나무과,낙엽교목,15
10. 식용수원,2,감나무,Diospyros kaki ,감나무과,낙엽교목,1
10. 식용수원,3,개암나무,Corylus heterophylla,자작나무과,낙엽관목,1
10. 식용수원,4,계수나무,Cercidiphyllum japonicum ,계수나무과,낙엽교목,10
10. 식용수원,5,공조팝나무,Spiraea cantoniensis ,장미과,낙엽관목,10
10. 식용수원,6,굴참나무,Quercus variabilis ,참나무과,낙엽교목,1
10. 식용수원,7,굴피나무,Platycarya strobilacea ,가래나무과,낙엽교목,1
10. 식용수원,8,깽깽이풀,Jeffersonia dubia,매자나무과,다년초,
10. 식용수원,9,낙상홍,Ilex serrata ,감탕나무과,낙엽관목,10
10. 식용수원,10,노루오줌,Astilbe rubra,범의귀과,다년초,
10. 식용수원,11,누리장나무,Clerodendrum trichotomum,마편초과,낙엽관목,4
10. 식용수원,12,능수 매실나무,Prunus mume 'Pendula',장미과,낙엽관목,1
10. 식용수원,13,단풍나무,Acer palmatum,단풍나무과,낙엽교목,6
10. 식용수원,14,두릅나무,Aralia elata,두릅나무과,낙엽관목,6
10. 식용수원,15,둥글레,Polygonatum odoratum var. pluriflorum,백합과,다년초,
10. 식용수원,16,등나무,Wisteria floribunda,콩과,낙엽덩굴목본,1
10. 식용수원,17,말채나무,Cornus walteri ,층층나무과,낙엽교목,2
10. 식용수원,18,매실나무,Prunus mume,장미과,낙엽관목,20
10. 식용수원,19,매실나무 '토르투어스 드래곤' (운룡매화),Prunus mume 'Tortuous Dragon',장미과,낙엽관목,1
10. 식용수원,20,맥문동,Liriope platyphylla,백합과,다년초,
10. 식용수원,21,모과나무,Chaenomeles sinensis,장미과,낙엽교목,6
10. 식용수원,22,무궁화,Hibiscus syriacus,아욱과,낙엽관목,20
10. 식용수원,23,미선나무,Abeliophyllum distichum,물푸레나무과,낙엽관목,10
10. 식용수원,24,밤나무,Castanea crenata,참나무과,낙엽교목,3
10. 식용수원,25,벌개미취,Aster koraiensis ,국화과,다년초,
10. 식용수원,26,복사나무,Prunus persica,장미과,낙엽관목,20
10. 식용수원,27,복자기,Acer triflorum,단풍나무과,낙엽교목,4
10. 식용수원,28,붓꽃,Iris sanguinea,붓꽃과,다년초,
10. 식용수원,29,비자나무,Torreya nucifera,주목과,상록교목,2
10. 식용수원,30,산뽕나무,Morus bombycis ,뽕나무과,낙엽교목,4
10. 식용수원,31,산사나무,Crataegus pinnatifida,장미과,낙엽교목,17
10. 식용수원,32,살구나무,Prunus armeniaca var. ansu,장미과,낙엽교목,5
10. 식용수원,33,상사화,Lycoris squamigera,수선화과,다년초,
10. 식용수원,34,섬쑥부쟁이,Aster glehnii,국화과,다년초,
10. 식용수원,35,섬초롱꽃,Campanula takesimana,초롱꽃과,다년초,3
10. 식용수원,36,소나무,Pinus densiflora,소나무과,상록교목,2
10. 식용수원,37,양미역취,Solidago altissima,국화과,다년초,
10. 식용수원,38,오갈피나무,Eleutherococcus sessiliflorus ,두릅나무과,낙엽관목,1
10. 식용수원,39,오엽송,Pinus parviflora Glauca Group,소나무과,상록교목,3
10. 식용수원,40,옥잠화,Hosta plantaginea,비비추과,다년초,
10. 식용수원,41,은방울꽃,Convallaria keiskei ,백합과,다년초,
10. 식용수원,42,음나무,Kalopanax septemlobus,두릅나무과,낙엽교목,1
10. 식용수원,43,자귀나무,Albizia julibrissin,콩과,낙엽교목,3
10. 식용수원,44,자엽자두,Prunus cerasifera 'Pissardii',장미과,낙엽관목,3
10. 식용수원,45,조록싸리,Lespedeza maximowiczii,콩과,낙엽관목,1
10. 식용수원,46,조팝나무,Spiraea prunifolia f. simpliciflora,장미과,낙엽관목,3
10. 식용수원,47,졸참나무,Quercus serrata,참나무과,낙엽교목,1
10. 식용수원,48,주걱비비추,Hosta clausa ,비비추과,다년초,
10. 식용수원,49,주목,Taxus cuspidata,주목과,상록교목,55
10. 식용수원,50,편백,Chamaecyparis obtusa,측백나무과,상록교목,8
10. 식용수원,51,호두나무,Juglans regia,가래나무과,낙엽교목,1
10. 식용수원,52,화살나무,Euonymus alatus,노박덩굴과,낙엽관목,25
10. 식용수원,53,황벽나무,Phellodendron amurense,운향과,낙엽교목,2
10. 식용수원,54,회양목,Buxus koreana ,회양목과,상록관목,12
10. 식용수원,55,회화나무,Sophora japonica,콩과,낙엽교목,6
11. 안면송탐방로,1,개옻나무,Rhus trichocarpa,옻나무과,낙엽관목,2
11. 안면송탐방로,2,고비,Osmunda japonica ,고비과,다년초,
11. 안면송탐방로,3,국수나무,Stephanandra incisa,장미과,낙엽관목,다수
11. 안면송탐방로,4,굴거리나무,Daphniphyllum macropodum,굴거리나무과,상록교목,2
11. 안면송탐방로,5,나도밤나무,Meliosma myriantha ,나도밤나무과,낙엽교목,8
11. 안면송탐방로,6,때죽나무,Styrax japonicus,때죽나무과,낙엽교목,20
11. 안면송탐방로,7,말오줌때,Euscaphis japonica,고추나무과,낙엽교목,5
11. 안면송탐방로,8,머귀나무,Zanthoxylum ailanthoides,운향과,낙엽교목,1
11. 안면송탐방로,9,박태기나무,Cercis chinensis,콩과,낙엽관목,5
11. 안면송탐방로,10,산딸나무,Cornus kousa,층층나무과,낙엽교목,30
11. 안면송탐방로,11,산벚나무,Prunus sargentii ,장미과,낙엽교목,20
11. 안면송탐방로,12,산사나무,Crataegus pinnatifida,장미과,낙엽교목,4
11. 안면송탐방로,13,산수유,Cornus officinalis,층층나무과,낙엽관목,40
11. 안면송탐방로,14,상사화,Lycoris squamigera,수선화과,다년초,
11. 안면송탐방로,15,생강나무,Lindera obtusiloba,녹나무과,낙엽관목,5
11. 안면송탐방로,16,수리딸기,Rubus corchorifolius,장미과,낙엽관목,다수
11. 안면송탐방로,17,애기동백나무,Camellia sasanqua,차나무과,상록교목,35
11. 안면송탐방로,18,우산나물,Syneilesis palmata,국화과,다년초,
11. 안면송탐방로,19,음나무,Kalopanax septemlobus,두릅나무과,낙엽교목,1
11. 안면송탐방로,20,자귀나무,Albizia julibrissin,콩과,낙엽교목,3
11. 안면송탐방로,21,졸참나무,Quercus serrata,참나무과,낙엽교목,20
11. 안면송탐방로,22,주걱비비추,Hosta clausa ,비비추과,다년초,
11. 안면송탐방로,23,지네고사리,Thelypteris japonica,처녀고사리과,다년초,
11. 안면송탐방로,24,쪽동백나무,Styrax obassia ,때죽나무과,낙엽교목,5
11. 안면송탐방로,25,편백,Chamaecyparis obtusa,측백나무과,상록교목,10
12. 아산정원,1,가새쑥부쟁이,Aster incisus,국화과,다년초,
12. 아산정원,2,감나무,Diospyros kaki ,감나무과,낙엽교목,5
12. 아산정원,3,골담초,Caragana sinica,콩과,낙엽관목,2
12. 아산정원,4,공작단풍,Acer palmatum var. dissectum ,단풍나무과,낙엽관목,5
12. 아산정원,5,구절초,Dendranthema zawadskii var. latilobum,국화과,다년초,
12. 아산정원,6,굴거리나무,Daphniphyllum macropodum,굴거리나무과,상록교목,2
12. 아산정원,7,꽃댕강나무,Abelia x grandiflora,인동과,낙엽관목,25
12. 아산정원,8,꽃사과나무,Malus floribunda ,장미과,낙엽관목,3
12. 아산정원,9,낙상홍,Ilex serrata ,감탕나무과,낙엽관목,30
12. 아산정원,10,노랑꽃창포,Iris pseudacorus,붓꽃과,다년초,
12. 아산정원,11,노랑무늬사사,Pleioblastus viridi-striatus,벼과,다년초,
12. 아산정원,12,느티나무,Zelkova serrata,느릅나무과,낙엽교목,3
12. 아산정원,13,능소화,Campsis grandiflora,능소화과,낙엽덩굴목본,3
12. 아산정원,14,다정큼나무,Rhaphiolepis indica var. umbellata,장미과,상록관목,13
12. 아산정원,15,담쟁이덩굴,Parthenocissus tricuspidata,포도과,낙엽덩굴목본,다수
12. 아산정원,16,대추나무,Zizyphus jujuba var. inermis,갈매나무과,낙엽교목,4
12. 아산정원,17,도라지,Platycodon grandiflorus,초롱꽃과,다년초,
12. 아산정원,18,돌단풍,Mukdenia rossii,범의귀과,다년초,
12. 아산정원,19,두메부추,Allium senescens ,백합과,다년초,
12. 아산정원,20,둥근향나무,Juniperus chinensis 'Globosa',측백나무과,상록관목,1
12. 아산정원,21,때죽나무,Styrax japonicus,때죽나무과,낙엽교목,5
12. 아산정원,22,말발도리,Deutzia parviflora ,범의귀과,낙엽관목,10
12. 아산정원,23,말채나무,Cornus walteri ,층층나무과,낙엽교목,1
12. 아산정원,24,매실나무,Prunus mume,장미과,낙엽교목,17
12. 아산정원,25,맥문동,Liriope platyphylla,백합과,다년초,
12. 아산정원,26,멀꿀,Stauntonia hexaphylla,으름덩굴과,상록덩굴목본,3
12. 아산정원,27,모감주나무,Koelreuteria paniculata,무환자나무과,낙엽교목,11
12. 아산정원,28,목련,Magnolia kobus,목련과,낙엽교목,1
12. 아산정원,29,무궁화,Hibiscus syriacus,아욱과,낙엽관목,3
12. 아산정원,30,미국담쟁이덩굴,Parthenocissus quinquefolia ,포도과,낙엽덩굴목본,
12. 아산정원,31,미선나무,Abeliophyllum distichum,물푸레나무과,낙엽관목,1
12. 아산정원,32,밀사초,Carex livida,사초과,다년초,
12. 아산정원,33,반송,Pinus densiflora f. multicaulis,소나무과,낙엽관목,7
12. 아산정원,34,배롱나무,Lagerstroemia indica,부처꽃과,낙엽교목,10
12. 아산정원,35,벽오동,Firmiana simplex ,벽오동과,낙엽교목,1
12. 아산정원,36,복사나무 '남경도',Prunus persica 'Namkyeongdo',장미과,낙엽관목,2
12. 아산정원,37,복자기,Acer triflorum,단풍나무과,낙엽교목,4
12. 아산정원,38,부추,Allium tuberosum ,백합과,다년초,
12. 아산정원,39,불두화,Viburnum opulus f. hydrangeoides,인동과,낙엽관목,2
12. 아산정원,40,붉노랑상사화,Lycoris flavescens,수선화과,다년초,
12. 아산정원,41,붓꽃,Iris sanguinea,붓꽃과,다년초,
12. 아산정원,42,빈카마이너,Vinca minor,협죽도과,다년초,
12. 아산정원,43,사철나무,Euonymus japonicus,노박덩굴과,상록관목,3
12. 아산정원,44,산딸나무,Cornus kousa,층층나무과,낙엽교목,4
12. 아산정원,45,산벚나무,Prunus sargentii ,장미과,낙엽교목,3
12. 아산정원,46,산수국,Hydrangea serrata f. acuminata ,수국과,낙엽관목,20
12. 아산정원,47,산수유,Cornus officinalis,층층나무과,낙엽관목,10
12. 아산정원,48,산철쭉,Rhododendron yedoense f. poukhanense ,진달래과,낙엽관목,다수
12. 아산정원,49,살구나무,Prunus armeniaca var. ansu,장미과,낙엽교목,11
12. 아산정원,50,석류나무,Punica granatum,부처꽃과,낙엽관목,6
12. 아산정원,51,섬초롱꽃,Campanula takesimana,초롱꽃과,다년초,
12. 아산정원,52,섬향나무,Juniperus chinensis var. procumbens,측백나무과,상록관목,
12. 아산정원,53,소나무,Pinus densiflora,소나무과,상록교목,12
12. 아산정원,54,송악,Hedera rhombea,두릅나무과,상록덩굴목본,다수
12. 아산정원,55,수국,Hydrangea macrophylla,수국과,낙엽관목,20
12. 아산정원,56,수련,Nymphaea odorata,수련과,다년초,
12. 아산정원,57,능수버들,Salix pseudolasiogyne,버드나무과,낙엽교목,1
12. 아산정원,58,수양벚나무,Prunus verecunda var. pendula,장미과,낙엽교목,1
12. 아산정원,59,수호초,Pachysandra terminalis,회양목과,다년초,
12. 아산정원,60,아이비,Hedera sp.,두릅나무과,다년초,
12. 아산정원,61,애기부들,Typha angustifolia,부들과,다년초,
12. 아산정원,62,앵도나무,Prunus tomentosa,장미과,낙엽관목,6
12. 아산정원,63,야광나무,Malus baccata,장미과,낙엽교목,1
12. 아산정원,64,오죽,Phyllostachys nigra,벼과,다년초,
12. 아산정원,65,옥잠화,Hosta plantaginea,비비추과,다년초,
12. 아산정원,66,황조죽,Phyllostachys aureosulcata,벼과,다년초,
12. 아산정원,67,솜대,Phyllostachys nigra var. henonis,벼과,다년초,
12. 아산정원,68,왕모시풀,Boehmeria pannosa,쐐기풀과,다년초,
12. 아산정원,69,왕원추리,Hemerocallis fulva,백합과,다년초,
12. 아산정원,70,왜모시풀,Boehmeria longispica ,모시풀과,다년초,
12. 아산정원,71,유카,Yucca gloriosa ,용설란과,다년초,
12. 아산정원,72,은목서,Osmanthus x fortunei ,물푸레나무과,상록관목,4
12. 아산정원,73,이나무,Idesia polycarpa ,이나무과,낙엽교목,1
12. 아산정원,74,이팝나무,Chionanthus retusus,물푸레나무과,낙엽교목,21
12. 아산정원,75,자귀나무,Albizia julibrissin,콩과,낙엽교목,7
12. 아산정원,76,자작나무,Betula platyphylla var. japonica ,자작나무과,낙엽교목,8
12. 아산정원,77,조팝나무,Spiraea prunifolia f. simpliciflora,장미과,낙엽관목,10
12. 아산정원,78,좀작살나무,Callicarpa dichotoma,마편초과,낙엽관목,1
12. 아산정원,79,주걱비비추,Hosta clausa ,비비추과,다년초,
12. 아산정원,80,주목,Taxus cuspidata,주목과,상록관목,1
12. 아산정원,81,죽단화,Kerria japonica f. pleniflora,장미과,낙엽관목,50
12. 아산정원,82,참꽃나무,Rhododendron weyrichii,진달래과,낙엽관목,1
12. 아산정원,83,참느릅나무,Ulmus parvifolia ,느릅나무과,낙엽교목,1
12. 아산정원,84,큰꿩의비름,Hylotelephium spectabile,돌나물과,다년초,
12. 아산정원,85,털머위,Farfugium japonicum,국화과,다년초,
12. 아산정원,86,털부처꽃,Lythrum salicaria,부처꽃과,다년초,
12. 아산정원,87,털조록싸리,Lespedeza maximowiczii var. tomentella,콩과,낙엽관목,1
12. 아산정원,88,팽나무,Celtis sinensis ,느릅나무과,낙엽교목,2
12. 아산정원,89,피나무,Tilia amurensis,피나무과,낙엽교목,7
12. 아산정원,90,해국,Aster spathulifolius,국화과,다년초,
12. 아산정원,91,해바라기,Helianthus annuus,국화과,1년초,
12. 아산정원,92,홍가시나무,Photinia glabra,장미과,낙엽교목,3
12. 아산정원,93,홍단풍,Acer palmatum var. speciosum,단풍나무과,낙엽교목,6
12. 아산정원,94,화살나무,Euonymus alatus,노박덩굴과,낙엽관목,20
12. 아산정원,95,회화나무,Sophora japonica,콩과,낙엽교목,2
12. 아산정원,96,후박나무,Machilus thunbergii ,녹나무과,상록교목,2
13. 무궁화원,1,독일가문비,Picea abies,소나무과,상록교목,1
13. 무궁화원,2,무궁화 '개량단심',Hibiscus syriacus 'Gaeryangdansim',아욱과,낙엽관목,2
13. 무궁화원,3,무궁화 '계월향',Hibiscus syriacus 'Gyewolhyang',아욱과,낙엽관목,5
13. 무궁화원,4,무궁화 '고요',Hibiscus syriacus 'Goyo',아욱과,낙엽관목,3
13. 무궁화원,5,무궁화 '고요로',Hibiscus syriacus 'Goyoro' ,아욱과,낙엽관목,1
13. 무궁화원,6,무궁화 '고주몽',Hibiscus syriacus 'Gojumong',아욱과,낙엽관목,4
13. 무궁화원,7,무궁화 '광화림',Hibiscus syriacus 'Gwanghwarim',아욱과,낙엽관목,3
13. 무궁화원,8,무궁화 '꽃뫼',Hibiscus syriacus 'Kkonmoe',아욱과,낙엽관목,3
13. 무궁화원,9,무궁화 '나보라',Hibiscus syriacus 'Nabora',아욱과,낙엽관목,4
13. 무궁화원,10,무궁화 '난파',Hibiscus syriacus 'Nanpa',아욱과,낙엽관목,2
13. 무궁화원,11,무궁화 '눈뫼',Hibiscus syriacus 'Nunmoe',아욱과,낙엽관목,5
13. 무궁화원,12,무궁화 '눈보라',Hibiscus syriacus 'Nunbora',아욱과,낙엽관목,4
13. 무궁화원,13,무궁화 '늘사랑',Hibiscus syriacus 'Neulsarang',아욱과,낙엽관목,5
13. 무궁화원,14,무궁화 '님보라',Hibiscus syriacus 'Nimbora',아욱과,낙엽관목,1
13. 무궁화원,15,무궁화 '단심',Hibiscus syriacus 'Dansim' ,아욱과,낙엽관목,2
13. 무궁화원,16,무궁화 '대덕사',Hibiscus syriacus 'Daedeoksa',아욱과,낙엽관목,4
13. 무궁화원,17,무궁화 '무지개',Hibiscus syriacus 'Mujigae',아욱과,낙엽관목,3
13. 무궁화원,18,무궁화 '배달',Hibiscus syriacus 'Baedal',아욱과,낙엽관목,3
13. 무궁화원,19,무궁화 '백단심',Hibiscus syriacus 'Baekdansim',아욱과,낙엽관목,2
13. 무궁화원,20,무궁화 '백화림',Hibiscus syriacus 'Baekwarim',아욱과,낙엽관목,8
13. 무궁화원,21,무궁화 '불꽃',Hibiscus syriacus 'Bulkkot',아욱과,낙엽관목,5
13. 무궁화원,22,무궁화 '불새',Hibiscus syriacus 'Pulsae',아욱과,낙엽관목,3
13. 무궁화원,23,무궁화 '산처녀',Hibiscus syriacus 'Sancheonyeo',아욱과,낙엽관목,2
13. 무궁화원,24,무궁화 '새빛',Hibiscus syriacus 'Saebit',아욱과,낙엽관목,2
13. 무궁화원,25,무궁화 '새아사달',Hibiscus syriacus 'Saeasadal',아욱과,낙엽관목,2
13. 무궁화원,26,무궁화 '새아침',Hibiscus syriacus 'Saeachim',아욱과,낙엽관목,2
13. 무궁화원,27,무궁화 '새영광',Hibiscus syriacus 'Saeyeonggwang',아욱과,낙엽관목,4
13. 무궁화원,28,무궁화 '새한',Hibiscus syriacus 'Saehan',아욱과,낙엽관목,7
13. 무궁화원,29,무궁화 '서광',Hibiscus syriacus 'Seogwang',아욱과,낙엽관목,1
13. 무궁화원,30,무궁화 '서호향',Hibiscus syriacus 'Seohohyang',아욱과,낙엽관목,3
13. 무궁화원,31,무궁화 '선덕',Hibiscus syriacus 'Seondok',아욱과,낙엽관목,1
13. 무궁화원,32,무궁화 '설단심',Hibiscus syriacus 'Seoldansim',아욱과,낙엽관목,4
13. 무궁화원,33,무궁화 '설악',Hibiscus syriacus 'Seorak',아욱과,낙엽관목,5
13. 무궁화원,34,무궁화 '소월',Hibiscus syriacus 'Sowol',아욱과,낙엽관목,4
13. 무궁화원,35,무궁화 '수줍어',Hibiscus syriacus 'Sujubeo',아욱과,낙엽관목,4
13. 무궁화원,36,무궁화 '순정',Hibiscus syriacus 'Sunjeong',아욱과,낙엽관목,4
13. 무궁화원,37,무궁화 '신단심',Hibiscus syriacus 'Sindansim',아욱과,낙엽관목,4
13. 무궁화원,38,무궁화 '신태양',Hibiscus syriacus 'Sintaeyang',아욱과,낙엽관목,1
13. 무궁화원,39,무궁화 '아랑',Hibiscus syriacus 'Arang',아욱과,낙엽관목,2
13. 무궁화원,40,무궁화 '아사녀',Hibiscus syriacus 'Asanyeo' ,아욱과,낙엽관목,1
13. 무궁화원,41,무궁화 '아사달',Hibiscus syriacus 'Asadal',아욱과,낙엽관목,6
13. 무궁화원,42,무궁화 '에밀레',Hibiscus syriacus 'Emille',아욱과,낙엽관목,1
13. 무궁화원,43,무궁화 '영광',Hibiscus syriacus 'Yeonggwang',아욱과,낙엽관목,4
13. 무궁화원,44,무궁화 '옥녀',Hibiscus syriacus 'Ongnyeo' ,아욱과,낙엽관목,3
13. 무궁화원,45,무궁화 '옥선',Hibiscus syriacus 'Okseon',아욱과,낙엽관목,4
13. 무궁화원,46,무궁화 '옥토끼',Hibiscus syriacus 'Oktokki',아욱과,낙엽관목,6
13. 무궁화원,47,무궁화 '원술랑',Hibiscus syriacus 'Wonsullang',아욱과,낙엽관목,3
13. 무궁화원,48,무궁화 '원화',Hibiscus syriacus 'Weonhwa',아욱과,낙엽관목,7
13. 무궁화원,49,무궁화 '월산',Hibiscus syriacus 'Weolsan',아욱과,낙엽관목,8
13. 무궁화원,50,무궁화 '일편단심',Hibiscus syriacus 'Ilpyeondansim' ,아욱과,낙엽관목,1
13. 무궁화원,51,무궁화 '임진홍',Hibiscus syriacus 'Imjinhong',아욱과,낙엽관목,4
13. 무궁화원,52,무궁화 '자선',Hibiscus syriacus 'Jaseon',아욱과,낙엽관목,6
13. 무궁화원,53,무궁화 '청사랑',Hibiscus syriacus 'Cheongsarang',아욱과,낙엽관목,1
13. 무궁화원,54,무궁화 '초롱',Hibiscus syriacus 'Chorong',아욱과,낙엽관목,4
13. 무궁화원,55,무궁화 '충무',Hibiscus syriacus 'Chungmu',아욱과,낙엽관목,5
13. 무궁화원,56,무궁화 '칠보아사달',Hibiscus syriacus 'Chilboasadal',아욱과,낙엽관목,4
13. 무궁화원,57,무궁화 '파랑새',Hibiscus syriacus 'Parangsae',아욱과,낙엽관목,5
13. 무궁화원,58,무궁화 '평강공주',Hibiscus syriacus 'Pyonggang-Gongju',아욱과,낙엽관목,3
13. 무궁화원,59,무궁화 '평화',Hibiscus syriacus 'Pyeonghwa',아욱과,낙엽관목,2
13. 무궁화원,60,무궁화 '평화단심',Hibiscus syriacus 'Pyeonghwadansim',아욱과,낙엽관목,3
13. 무궁화원,61,무궁화 '한누리',Hibiscus syriacus 'Hannuri',아욱과,낙엽관목,5
13. 무궁화원,62,무궁화 '한마음',Hibiscus syriacus 'Hanmaeum',아욱과,낙엽관목,2
13. 무궁화원,63,무궁화 '한보람',Hibiscus syriacus 'Hanboram',아욱과,낙엽관목,6
13. 무궁화원,64,무궁화 '한사랑',Hibiscus syriacus 'Hansarang',아욱과,낙엽관목,2
13. 무궁화원,65,무궁화 '한서',Hibiscus syriacus 'Hanseo',아욱과,낙엽관목,1
13. 무궁화원,66,무궁화 '한얼',Hibiscus syriacus 'Haneol',아욱과,낙엽관목,3
13. 무궁화원,67,무궁화 '한얼단심',Hibiscus syriacus 'Haneoldansim',아욱과,낙엽관목,1
13. 무궁화원,68,무궁화 '향단',Hibiscus syriacus 'Hyangdan',아욱과,낙엽관목,1
13. 무궁화원,69,무궁화 '홍공작',Hibiscus syriacus 'Honggongjak',아욱과,낙엽관목,3
13. 무궁화원,70,무궁화 '홍순',Hibiscus syriacus 'Hongsun',아욱과,낙엽관목,4
13. 무궁화원,71,무궁화 '홍화림',Hibiscus syriacus 'Honghwarim',아욱과,낙엽관목,3
13. 무궁화원,72,무궁화 '화랑',Hibiscus syriacus 'Hwarang',아욱과,낙엽관목,2
13. 무궁화원,73,무궁화 '화홍',Hibiscus syriacus 'Hwahong',아욱과,낙엽관목,4
13. 무궁화원,74,생강나무,Lindera obtusiloba,녹나무과,낙엽관목,2
13. 무궁화원,75,진달래,Rhododendron mucronulatum ,진달래과,낙엽관목,20
13. 무궁화원,76,편백,Chamaecyparis obtusa,측백나무과,상록교목,5
14. 외국수원,1,가막살나무,Viburnum dilatatum,인동과,낙엽관목,8
14. 외국수원,2,가이즈카 향나무,Juniperus chinensis var. kaizuka ,측백나무과,상록교목,3
14. 외국수원,3,감탕나무,Ilex integra ,감탕나무과,상록관목,23
14. 외국수원,4,감태나무,Lindera glauca,녹나무과,낙엽관목,1
14. 외국수원,5,개잎갈나무,Cedrus deodara,소나무과,상록교목,7
14. 외국수원,6,개회나무,Syringa reticulata var. mandshurica,물푸레나무과,낙엽교목,1
14. 외국수원,7,고광나무,Philadelphus schrenkii ,장미과,낙엽관목,1
14. 외국수원,8,고려영산홍,Rhododendron indicum ,진달래과,낙엽관목,20
14. 외국수원,9,곰반송,Pinus thunbergii f. multicaulis,소나무과,상록교목,1
14. 외국수원,10,공작단풍,Acer palmatum var. dissectum ,단풍나무과,낙엽관목,1
14. 외국수원,11,광나무,Ligustrum japonicum ,물푸레나무과,상록교목,6
14. 외국수원,12,괴불나무,Lonicera maackii,인동과,낙엽관목,3
14. 외국수원,13,구골나무,Osmanthus heterophyllus ,물푸레나무과,상록관목,3
14. 외국수원,14,구실잣밤나무,Castanopsis sieboldii ,참나무과,상록교목,10
14. 외국수원,15,굴거리나무,Daphniphyllum macropodum,굴거리나무과,상록교목,6
14. 외국수원,16,귀룽나무,Prunus padus,장미과,낙엽교목,3
14. 외국수원,17,금선개나리,Forsythia viridissima var. koreana 'Kumson' ,물푸레나무과,낙엽관목,3
14. 외국수원,18,금식나무,Aucuba japonica f. variegata,식나무과,상록관목,1
14. 외국수원,19,금테사철나무,Euonymus japonicus 'Aureo-marginata',노박덩굴과,상록관목,2
14. 외국수원,20,금테쥐똥나무,Ligustrum obtusifolium  'Aureo-marginatus',물푸레나무과,낙엽관목,3
14. 외국수원,21,긴잎황금송,Pinus sp. ,소나무과,상록교목,2
14. 외국수원,22,길마가지나무,Lonicera harae,인동과,낙엽관목,1
14. 외국수원,23,까마귀밥나무,Ribes fasciculatum var. chinense,범의귀과,낙엽관목,1
14. 외국수원,24,꽃개회나무,Syringa wolfii,물푸레나무과,낙엽교목,1
14. 외국수원,25,꽃댕강 '프란시스 메이슨',Abelia x grandiflora 'Francis Mason',인동과,낙엽관목,10
14. 외국수원,26,꽃댕강나무,Abelia x grandiflora,인동과,낙엽관목,60
14. 외국수원,27,꽝꽝나무,Ilex crenata,감탕나무과,상록관목,3
14. 외국수원,28,나도밤나무,Meliosma myriantha ,나도밤나무과,낙엽교목,13
14. 외국수원,29,나무수국,Hydrangea paniculata,수국과,낙엽관목,8
14. 외국수원,30,낙상홍,Ilex serrata ,감탕나무과,낙엽관목,10
14. 외국수원,31,납매,Chimonanthus praecox ,받침꽃과,낙엽관목,7
14. 외국수원,32,네군도단풍 '플라밍고',Acer negundo 'Flamingo',단풍나무과,낙엽교목,1
14. 외국수원,33,노린재나무,Symplocos chinensis f. pilosa,노린재나무과,낙엽관목,3
14. 외국수원,34,누리장나무,Clerodendrum trichotomum,마편초과,낙엽관목,3
14. 외국수원,35,단풍나무,Acer palmatum,단풍나무과,낙엽교목,1
14. 외국수원,36,당광나무,Ligustrum lucidum,물푸레나무과,상록교목,1
14. 외국수원,37,대왕참나무,Quercus palustris,참나무과,낙엽교목,3
14. 외국수원,38,덜꿩나무,Viburnum erosum ,인동과,낙엽관목,9
14. 외국수원,39,독일가문비,Picea abies,소나무과,상록교목,13
14. 외국수원,40,동백나무,Camellia japonica,차나무과,상록교목,1
14. 외국수원,41,두릅나무,Aralia elata,두릅나무과,낙엽관목,3
14. 외국수원,42,두송 '데프레샤 아우레아',Juniperus communis 'Depressa Aurea' ,측백나무과,상록관목,1
14. 외국수원,43,둥근향나무,Juniperus chinensis 'Globosa',측백나무과,상록관목,14
14. 외국수원,44,땅채송화,Sedum oryzifolium,돌나물과,다년초,
14. 외국수원,45,때죽나무,Styrax japonicus,때죽나무과,낙엽교목,15
14. 외국수원,46,떡갈나무,Quercus dentata,참나무과,낙엽교목,3
14. 외국수원,47,뜰보리수,Elaeagnus multiflora,보리수나무과,낙엽교목,1
14. 외국수원,48,삼나무,Cryptomeria japonica,낙우송과,상록교목,1
14. 외국수원,49,말오줌때,Euscaphis japonica,고추나무과,낙엽교목,6
14. 외국수원,50,매실나무 '토르투어스 드래곤' (운룡매화),Prunus mume 'Tortuous Dragon',장미과,낙엽관목,1
14. 외국수원,51,머귀나무,Zanthoxylum ailanthoides,운향과,낙엽교목,1
14. 외국수원,52,먼나무,Ilex rotunda,감탕나무과,상록교목,2
14. 외국수원,53,명자나무,Chaenomeles japonica,장미과,낙엽관목,40
14. 외국수원,54,모밀잣밤나무,Castanopsis cuspidata,참나무과,상록교목,13
14. 외국수원,55,목형,Vitex negundo var. cannabifolia,마편초과,낙엽관목,1
14. 외국수원,56,무궁화,Hibiscus syriacus,아욱과,낙엽관목,1
14. 외국수원,57,무늬 마삭줄,Trachelospermum asiaticum 'Variegatum',협죽도과,낙엽덩굴목본,
14. 외국수원,58,무늬 수호초,Pachysandra terminalis 'Variegatus',회양목과,다년초,
14. 외국수원,59,무늬 좀사철,Euonymus fortunei 'Variegatus',노박덩굴과,낙엽덩굴목본,
14. 외국수원,60,무늬수국,Hydrangea sp.,수국과,낙엽관목,1
14. 외국수원,61,미국낙상홍,Ilex sp.,감탕나무과,낙엽관목,2
14. 외국수원,62,미국부용,Hibiscus oculiroseus ,아욱과,다년초,
14. 외국수원,63,미국풍나무,Liquidambar styraciflua,풍나무과,낙엽교목,3
14. 외국수원,64,자엽박태기나무,Cercis canadensis 'Forest Pansy',콩과,낙엽관목,4
14. 외국수원,65,반송,Pinus densiflora f. multicaulis,소나무과,상록관목,5
14. 외국수원,66,반용송,Pinus sp. ,소나무과,상록교목,1
14. 외국수원,67,배롱나무,Lagerstroemia indica,부처꽃과,낙엽교목,8
14. 외국수원,68,백당나무,Viburnum opulus var. calvescens,인동과,낙엽관목,2
14. 외국수원,69,백목련,Magnolia denudata,목련과,낙엽교목,1
14. 외국수원,70,백송,Pinus bungeana ,소나무과,상록교목,3
14. 외국수원,71,벚나무,Prunus serrulata var. spontanea ,장미과,낙엽교목,20
14. 외국수원,72,벚나무 '요코',Prunus 'Yoko',장미과,낙엽교목,3
14. 외국수원,73,벚나무 '하진행',Prunus 'Hajinhaeng',장미과,낙엽교목,3
14. 외국수원,74,보리수나무,Elaeagnus umbellata ,보리수나무과,낙엽관목,1
14. 외국수원,75,복분자딸기,Rubus coreanus,장미과,낙엽관목,10
14. 외국수원,76,복사나무,Prunus persica,장미과,낙엽관목,12
14. 외국수원,77,복사나무 (직립),Prunus persica,장미과,낙엽관목,4
14. 외국수원,78,부탄소나무,Pinus wallichiana,소나무과,상록교목,1
14. 외국수원,79,불두화,Viburnum opulus f. hydrangeoides,인동과,낙엽관목,7
14. 외국수원,80,붉가시나무,Quercus acuta ,참나무과,상록교목,2
14. 외국수원,81,비자나무,Torreya nucifera,주목과,상록교목,1
14. 외국수원,82,비쭈기나무,Cleyera japonica ,차나무과,상록관목,2
14. 외국수원,83,빈도리,Deutzia crenata,범의귀과,낙엽관목,13
14. 외국수원,84,사계황금송,Pinus sp. ,소나무과,상록교목,4
14. 외국수원,85,사철나무,Euonymus japonicus,노박덩굴과,상록관목,3
14. 외국수원,86,산돌배나무,Pyrus ussuriensis,장미과,낙엽교목,12
14. 외국수원,87,산딸나무,Cornus kousa,층층나무과,낙엽교목,1
14. 외국수원,88,산벚나무,Prunus sargentii ,장미과,낙엽교목,6
14. 외국수원,89,산사나무,Crataegus pinnatifida,참나무과,낙엽교목,1
14. 외국수원,90,산수국,Hydrangea serrata f. acuminata ,수국과,낙엽관목,20
14. 외국수원,91,산수유,Cornus officinalis,층층나무과,낙엽관목,5
14. 외국수원,92,살구나무,Prunus armeniaca var. ansu,벚나무과,낙엽교목,3
14. 외국수원,93,삼색병꽃나무,Weigela florida f. subtricolor,인동과,낙엽관목,5
14. 외국수원,94,상동나무,Sageretia thea ,갈매나무과,상록관목,1
14. 외국수원,95,상사화,Lycoris squamigera,수선화과,다년초,
14. 외국수원,96,상수리나무,Quercus acutissima,참나무과,낙엽교목,1
14. 외국수원,97,새덕이,Neolitsea aciculata,녹나무과,상록교목,1
14. 외국수원,98,생강나무,Lindera obtusiloba,녹나무과,낙엽관목,1
14. 외국수원,99,생달나무,Cinnamomum yabunikkei,녹나무과,상록교목,1
14. 외국수원,100,서양측백,Thuja occidentalis,측백나무과,상록교목,19
14. 외국수원,101,오엽송,Pinus parviflora Glauca Group,소나무과,상록교목,6
14. 외국수원,102,소귀나무,Myrica rubra,소귀나무과,상록교목,4
14. 외국수원,103,솔송나무,Tsuga sieboldii ,소나무과,상록교목,1
14. 외국수원,104,수국,Hydrangea macrophylla ,수국과,낙엽관목,5
14. 외국수원,105,수국 '골리앗',Hydrangea macrophylla 'Goliath',수국과,낙엽관목,5
14. 외국수원,106,수국 '마리에시',Hydrangea macrophylla 'Mariesii' ,수국과,낙엽관목,5
14. 외국수원,107,수수꽃다리,Syringa oblata var. dilatata,물푸레나무과,낙엽관목,3
14. 외국수원,108,수양매실나무,Prunus mume 'Pendula',장미과,낙엽관목,2
14. 외국수원,109,수양벚나무,Prunus verecunda var. pendula,장미과,낙엽교목,1
14. 외국수원,110,스코풀로룸 향나무 '스카이로켓',Juniperus scopulorum 'Skyrocket',측백나무과,상록관목,1
14. 외국수원,111,스쿠아마타 향나무 '블루스타',Juniperus squamata 'Blue Star',측백나무과,상록교목,1
14. 외국수원,112,스트로브잣나무,Pinus strobus ,소나무과,상록관목,4
14. 외국수원,113,시베리아눈측백,Microbiota decussata,측백나무과,상록관목,1
14. 외국수원,114,시베리아붓꽃,Iris sibirica,붓꽃과,다년초,
14. 외국수원,115,신갈나무,Quercus mongolica,참나무과,낙엽교목,1
14. 외국수원,116,실거리나무,Caesalpinia decapetala,콩과,낙엽덩굴목본,
14. 외국수원,117,실화백,Chamaecyparis pisifera,측백나무과,상록교목,2
14. 외국수원,118,아그배나무,Malus sieboldii ,장미과,낙엽관목,1
14. 외국수원,119,아랄리오이데스 트로코덴드론,Trochodendron aralioides,트로코덴드라과,상록교목,1
14. 외국수원,120,아로니아,Aronia arbutifolia,장미과,낙엽관목,3
14. 외국수원,121,아왜나무,Viburnum odoratissimum var. awabuki ,인동과,낙엽관목,9
14. 외국수원,122,안개나무,Cotinus coggygria,옻나무과,낙엽관목,1
14. 외국수원,123,애기동백나무,Camellia sasanqua,차나무과,상록관목,7
14. 외국수원,124,에리카,Erica carnea,진달래과,상록관목,1
14. 외국수원,125,영산홍,Rhododendron indicum ,진달래과,낙엽관목,다수
14. 외국수원,126,예덕나무,Mallotus japonicus,대극과,낙엽교목,1
14. 외국수원,127,참오동나무,Paulownia tomentosa,현삼과,낙엽교목,1
14. 외국수원,128,올괴불나무,Lonicera praeflorens,인동과,낙엽관목,1
14. 외국수원,129,완도호랑가시나무,Ilex cornuta 'Wandoensis',감탕나무과,상록교목,3
14. 외국수원,130,왕작살나무,Callicarpa japonica var. luxurians,마편초과,낙엽관목,1
14. 외국수원,131,윌슨향나무,Juniperus pingii var. wilsonii ,측백나무과,상록교목,1
14. 외국수원,132,은목서,Osmanthus x fortunei ,물푸레나무과,상록관목,12
14. 외국수원,133,은쑥,Artemisia schmidtiana,국화과,다년초,
14. 외국수원,134,음나무,Kalopanax septemlobus,두릅나무과,낙엽교목,3
14. 외국수원,135,이스라지,Prunus japonica var. nakaii,장미과,낙엽관목,10
14. 외국수원,136,이팝나무,Chionanthus retusus,물푸레나무과,낙엽교목,15
14. 외국수원,137,일본목련,Magnolia obovata,목련과,낙엽교목,17
14. 외국수원,138,오엽송,Pinus parviflora Glauca Group,소나무과,상록교목,5
14. 외국수원,139,일본잎갈나무,Larix kaempferi ,소나무과,낙엽교목,1
14. 외국수원,140,임브리카리움 낙우송 '누탄스',Taxodium distichum var. imbricarium 'Nutans',낙우송과,낙엽교목,1
14. 외국수원,141,자주받침꽃,Calycanthus fertilis,받침꽃과,낙엽관목,1
14. 외국수원,142,작살나무,Callicarpa japonica,마편초과,낙엽관목,7
14. 외국수원,143,적피 배롱나무,Lagerstroemia fauriei ,부처꽃과,낙엽교목,2
14. 외국수원,144,정금나무,Vaccinium oldhamii,진달래과,낙엽관목,3
14. 외국수원,145,조록나무,Distylium racemosum,조록나무과,상록교목,6
14. 외국수원,146,일본조팝 '골드 마운드',Spiraea japonica 'Gold Mound',장미과,낙엽관목,50
14. 외국수원,147,일본조팝 '골드 플레임',Spiraea japonica 'Gold Flame',장미과,낙엽관목,50
14. 외국수원,148,족제비싸리,Amorpha fruticosa,콩과,낙엽관목,1
14. 외국수원,149,졸가시나무,Quercus phillyraeoides,참나무과,상록교목,3
14. 외국수원,150,졸참나무,Quercus serrata,참나무과,낙엽교목,11
14. 외국수원,151,좀사철 '브론디',Euonymus fortunei 'Blondy' ,노박덩굴과,상록덩굴목본,2
14. 외국수원,152,사철나무 '그린 스파이어',Euonymus japonicus 'Green Spire' ,노박덩굴과,상록관목,3
14. 외국수원,153,좁은잎참빗살나무,Euonymus hamiltonianus var. maackii,노박덩굴과,낙엽교목,1
14. 외국수원,154,종가시나무,Quercus glauca,참나무과,상록교목,3
14. 외국수원,155,주걱비비추,Hosta clausa ,비비추과,다년초,
14. 외국수원,156,주목,Taxus cuspidata,주목과,상록관목,100
14. 외국수원,157,쥐똥나무,Ligustrum obtusifolium ,물푸레나무과,낙엽관목,2
14. 외국수원,158,지면패랭이꽃,Phlox subulata,꽃고비과,다년초,
14. 외국수원,159,진달래,Rhododendron mucronulatum ,진달래과,낙엽관목,20
14. 외국수원,160,쪽동백나무,Styrax obassia ,때죽나무과,낙엽교목,3
14. 외국수원,161,참가시나무,Quercus salicina ,참나무과,상록교목,2
14. 외국수원,162,천사의 나팔,Brugmansia suaveolens,가지과,낙엽관목,20
14. 외국수원,163,백합,Lilium longiflroum,백합과,다년초,
14. 외국수원,164,초령목,Michelia compressa,목련,상록관목,2
14. 외국수원,165,층층나무,Cornus controversa ,층층나무과,낙엽교목,1
14. 외국수원,166,칠엽수,Aesculus turbinata,칠엽수과,낙엽교목,11
14. 외국수원,167,큰두루미꽃,Maianthemum dilatatum,백합과,다년초,
14. 외국수원,168,큰호장근 ,Fallopia x bohemica,마디풀과,다년초,
14. 외국수원,169,태산목,Magnolia grandiflora,목련과,상록교목,1
14. 외국수원,170,털조록싸리,Lespedeza maximowiczii var. tomentella,콩과,낙엽관목,3
14. 외국수원,171,통조화,Stachyurus praecox ,통조화과,낙엽관목,2
14. 외국수원,172,튤립나무,Liriodendron tulipifera,목련과,낙엽교목,3
14. 외국수원,173,팥배나무,Sorbus alnifolia,장미과,낙엽교목,11
14. 외국수원,174,편백,Chamaecyparis obtusa,측백나무과,상록교목,5
14. 외국수원,175,피라칸사,Pyracantha angustifolia,장미과,낙엽관목,16
14. 외국수원,176,한라비비추 '한라골드',Hosta venusta 'Halla Gold',비비추과,다년초,
14. 외국수원,177,합다리나무,Meliosma oldhamii ,나도밤나무과,낙엽교목,3
14. 외국수원,178,해당화,Rosa rugosa,장미과,낙엽관목,1
14. 외국수원,179,해변노간주,Juniperus rigida var. conferta ,측백나무과,상록관목,1
14. 외국수원,180,향나무,Juniperus chinensis,측백나무과,상록교목,1
14. 외국수원,181,향나무 '피트제리아나 아우레아',Juniperus x pfitzeriana 'Pfitzeriana Aurea' ,측백나무과,상록관목,1
14. 외국수원,182,헬레보루스,Helleborus orientalis ,미나리아재비과,다년초,
14. 외국수원,183,호랑가시나무,Ilex cornuta,감탕나무과,상록교목,10
14. 외국수원,184,호장근,Fallopia japonica,마디풀과,다년초,
14. 외국수원,185,홀아비꽃대,Chloranthus japonicus,홀아비꽃대과,다년초,1
14. 외국수원,186,홍가시나무,Photinia glabra,장미과,낙엽교목,5
14. 외국수원,187,화백,Chamaecyparis pisifera,측백나무과,상록교목,2
14. 외국수원,188,화백 '스쿠아로사 아르젠테아',Chamaecyparis pisifera 'Squarrosa Argentea',측백나무과,상록관목,9
14. 외국수원,189,화살나무,Euonymus alatus,노박덩굴과,낙엽관목,11
14. 외국수원,190,황금눈향나무,Juniperus chinensis var. sargentii 'Aurea',측백나무과,상록관목,10
14. 외국수원,191,황금메테세쿼이아,Metasequoia glyptostroboides 'Gold Rush',낙우송과,낙엽교목,2
14. 외국수원,192,황금실화백,Chamaecyparis pisifera 'Filifera Aurea',측백나무과,상록교목,2
14. 외국수원,193,황금왕쥐똥나무,Ligustrum ovalifolium 'Aureum',물푸레나무과,낙엽교목,6
14. 외국수원,194,황금줄사철,Euonymus fortunei var. radicans 'Aureo-Marginata',녹박덩굴과,상록덩굴관목,
14. 외국수원,195,황칠나무,Dendropanax morbiferus ,두릅나무과,상록교목,2
14. 외국수원,196,회양목,Buxus koreana ,회양목과,상록관목,1
14. 외국수원,197,회잎나무,Euonymus alatus f. ciliatodentatus,노박덩굴과,낙엽관목,1
14. 외국수원,198,후박나무,Machilus thunbergii ,녹나무과,상록교목,18
14. 외국수원,199,후피향나무,Ternstroemia gymnanthera,차나무과,상록관목,12
14. 외국수원,200,흰무늬줄사철,Euonymus fortunei var. radicans 'Variegatus',노박덩굴과,상록덩굴관목,
15. 방향수원,1,가막살나무,Viburnum dilatatum,인동과,낙엽관목,2
15. 방향수원,2,가침박달,Exochorda serratifolia ,장미과,낙엽관목,2
15. 방향수원,3,감나무,Diospyros kaki ,감나무과,낙엽교목,3
15. 방향수원,4,꽃댕강나무,Abelia x grandiflora,인동과,낙엽관목,20
15. 방향수원,5,꽃사과나무,Malus floribunda ,장미과,낙엽관목,5
15. 방향수원,6,낙상홍,Ilex serrata ,감탕나무과,낙엽관목,30
15. 방향수원,7,노각나무,Stewartia pseudocamellia ,차나무과,낙엽교목,5
15. 방향수원,8,누리장나무,Clerodendrum trichotomum,마편초과,낙엽관목,2
15. 방향수원,9,대팻집나무,Ilex macropoda ,감탕나무과,낙엽교목,1
15. 방향수원,10,동백나무,Camellia japonica,차나무과,상록교목,2
15. 방향수원,11,두릅나무,Aralia elata,두릅나무과,낙엽관목,1
15. 방향수원,12,두메부추,Allium senescens ,백합과,다년초,
15. 방향수원,13,둥근향나무,Juniperus chinensis 'Globosa',측백나무과,상록관목,10
15. 방향수원,14,디기탈리스,Digitalis purpurea,현삼과,다년초,
15. 방향수원,15,때죽나무,Styrax japonicus,때죽나무과,낙엽교목,5
15. 방향수원,16,떡갈나무,Quercus dentata,참나무과,낙엽교목,3
15. 방향수원,17,란타나,Lantana camara,마편초과,상록관목,2
15. 방향수원,18,만첩빈도리,Deutzia crenata f. plena,범의귀과,낙엽관목,2
15. 방향수원,19,말오줌때,Euscaphis japonica,고추나무과,낙엽교목,1
15. 방향수원,20,매실나무,Prunus mume,장미과,낙엽관목,8
15. 방향수원,21,맥문동,Liriope platyphylla,백합과,다년초,
15. 방향수원,22,모감주나무,Koelreuteria paniculata,무환자나무과,낙엽교목,3
15. 방향수원,23,모란,Paeonia suffruticosa,작약과,낙엽관목,50
15. 방향수원,24,미니장미,Rosa sp.,장미과,다년초,
15. 방향수원,25,반송,Pinus densiflora f. multicaulis,소나무과,상록관목,7
15. 방향수원,26,배롱나무,Lagerstroemia indica,부처꽃과,낙엽교목,13
15. 방향수원,27,보리수나무,Elaeagnus umbellata ,보리수나무과,낙엽관목,3
15. 방향수원,28,복수초,Adonis amurensis ,미나리아재비과,다년초,
15. 방향수원,29,분홍할미꽃,Pulsatilla dahurica,미나리아재비과,다년초,
15. 방향수원,30,산국,Dendranthema boreale ,국화과,다년초,
15. 방향수원,31,산딸나무,Cornus kousa,층층나무과,낙엽교목,7
15. 방향수원,32,산수국,Hydrangea serrata f. acuminata ,수국과,낙엽관목,50
15. 방향수원,33,산철쭉,Rhododendron yedoense f. poukhanense ,진달래과,낙엽관목,다수
15. 방향수원,34,삼지닥나무,Edgeworthia chrysantha,팥꽃나무과,낙엽관목,2
15. 방향수원,35,서양측백 '에메랄드 그린',Thuja occidentalis `Emerald Green',측백나무과,상록교목,1
15. 방향수원,36,서향,Daphne odora ,팥꽃나무과,상록관목,30
15. 방향수원,37,섬기린초,Sedum takesimense,돌나물과,다년초,
15. 방향수원,38,섬백리향,Thymus quinquecostatus var. japonicus ,꿀풀과,다년초,
15. 방향수원,39,소나무,Pinus densiflora,소나무과,상록교목,12
15. 방향수원,40,송악,Hedera sp.,두릅나무과,다년초,
15. 방향수원,41,앵도나무,Prunus tomentosa,장미과,낙엽관목,1
15. 방향수원,42,왕벚나무,Prunus yedoensis,장미과,낙엽교목,5
15. 방향수원,43,유카,Yucca gloriosa ,용설란과,다년초,
15. 방향수원,44,자란,Bletilla striata,난초과,다년초,
15. 방향수원,45,작살나무,Callicarpa japonica,마편초과,낙엽관목,1
15. 방향수원,46,조팝나무,Spiraea prunifolia f. simpliciflora,장미과,낙엽관목,10
15. 방향수원,47,좀작살나무,Callicarpa dichotoma,마편초과,낙엽관목,2
15. 방향수원,48,쪽동백나무,Styrax obassia ,때죽나무과,낙엽교목,1
15. 방향수원,49,찔레꽃,Rosa multiflora ,장미과,낙엽관목,5
15. 방향수원,50,참느릅나무,Ulmus parvifolia ,느릅나무과,상록교목,5
15. 방향수원,51,치자나무,Gardenia jasminoides,꼭두서니과,상록관목,2
15. 방향수원,52,칠엽수,Aesculus turbinata,칠엽수과,낙엽교목,3
15. 방향수원,53,털설구화 '라나스',Viburnum plicatum f. tomentosum 'Lanarth',인동과,낙엽관목,3
15. 방향수원,54,팥꽃나무,Daphne genkwa ,팥꽃나무과,낙엽관목,30
15. 방향수원,55,팥배나무,Sorbus alnifolia,장미과,낙엽교목,2
15. 방향수원,56,팽나무,Celtis sinensis ,느릅나무과,낙엽교목,4
15. 방향수원,57,할미꽃,Pulsatilla koreana,미나리아재비과,다년초,
15. 방향수원,58,해국,Aster spathulifolius,국화과,다년초,
15. 방향수원,59,해당화,Rosa rugosa,장미과,낙엽관목,1
15. 방향수원,60,호랑가시나무,Ilex cornuta,감탕나무과,상록교목,12
15. 방향수원,61,흑산도비비추,Hosta yingeri ,비비추과,다년초,
16. 청자자수원,1,반송,Pinus densiflora f. multicaulis,소나무과,상록관목,19
16. 청자자수원,2,산철쭉,Rhododendron yedoense f. poukhanense ,진달래과,낙엽관목,다수
16. 청자자수원,3,삼색무늬마삭줄,Trachelospermum jasminoides 'Tricolor',협죽도과,상록덩굴목본,
16. 청자자수원,4,소나무,Pinus densiflora,소나무과,상록교목,10
16. 청자자수원,5,애기말발도리,Deutzia gracilis ,범의귀과,낙엽관목,200
16. 청자자수원,6,일본매자나무,Berberis thunbergii,매자나무과,상록관목,100
16. 청자자수원,7,지면패랭이꽃,Phlox subulata,꽃고비과,다년초,
17. 생태습지원,1,감나무,Diospyros kaki ,감나무과,낙엽교목,2
17. 생태습지원,2,개맥문동,Liriope spicata ,백합과,다년초,
17. 생태습지원,3,갯버들,Salix gracilistyla,버드나무과,낙엽관목,4
17. 생태습지원,4,금불초,Inula britannica var. japonica,국화과,다년초,
17. 생태습지원,5,금잔화,Calendula arvensis,국화과,1년초,
17. 생태습지원,6,나무수국,Hydrangea paniculata,수국과,낙엽관목,1
17. 생태습지원,7,노랑꽃창포,Iris pseudacorus,붓꽃과,다년초,
17. 생태습지원,8,노랑무늬붓꽃,Iris odaesanensis,붓꽃과,다년초,
17. 생태습지원,9,노린재나무,Symplocos chinensis f. pilosa,노린재나무과,낙엽관목,1
17. 생태습지원,10,눈향나무,Juniperus chinensis var. sargentii,측백나무과,상록관목,11
17. 생태습지원,11,능수버들,Salix pseudolasiogyne,버드나무과,낙엽교목,1
17. 생태습지원,12,단풍나무,Acer palmatum,단풍나무과,낙엽교목,7
17. 생태습지원,13,대상화,Anemone hupehensis var. japonica,미나리아재비과,다년초,
17. 생태습지원,14,등나무,Wisteria floribunda,콩과,낙엽덩굴목본,1
17. 생태습지원,15,디기탈리스,Digitalis purpurea,현삼과,다년초,
17. 생태습지원,16,매실나무,Prunus mume,장미과,낙엽관목,2
17. 생태습지원,17,맥문동,Liriope platyphylla,백합과,다년초,
17. 생태습지원,18,모과나무,Chaenomeles sinensis,장미과,낙엽관목,1
17. 생태습지원,19,모란 '권엽홍',Paeonia 'Gwonyeophong',작약과,낙엽관목,
17. 생태습지원,20,모란 '금각',Paeonia 'Geumgak',작약과,낙엽관목,
17. 생태습지원,21,모란 '금황',Paeonia 'Geumhwang',작약과,낙엽관목,
17. 생태습지원,22,모란 '꽃왕',Paeonia 'kkochwang ',작약과,낙엽관목,
17. 생태습지원,23,모란 '노화홍',Paeonia 'Nohwahong ',작약과,낙엽관목,
17. 생태습지원,24,모란 '대화홍',Paeonia 'Daehwahong',작약과,낙엽관목,
17. 생태습지원,25,모란 '설탑',Paeonia 'Seoltap',작약과,낙엽관목,
17. 생태습지원,26,모란 '영일홍',Paeonia 'Yeongilhong',작약과,낙엽관목,
17. 생태습지원,27,모란 '옥루정취',Paeonia 'Ongnujeongchwi',작약과,낙엽관목,
17. 생태습지원,28,모란 '우금회향',Paeonia 'Ugeumhoehyang',작약과,낙엽관목,
17. 생태습지원,29,모란 '우후풍광',Paeonia 'Uhupunggwang',작약과,낙엽관목,
17. 생태습지원,30,모란 '육부용',Paeonia 'Yukbuyong',작약과,낙엽관목,
17. 생태습지원,31,모란 '장지홍',Paeonia 'Jangjihong',작약과,낙엽관목,
17. 생태습지원,32,모란 '청향백',Paeonia 'cheonghyangbaeg',작약과,낙엽관목,
17. 생태습지원,33,모란 '홍교대',Paeonia 'Honggyodae',작약과,낙엽관목,
17. 생태습지원,34,모란 '화이교',Paeonia 'Hwaigyo',작약과,낙엽관목,
17. 생태습지원,35,모란 '흑해사금',Paeonia 'Heukaesageum',작약과,낙엽관목,
17. 생태습지원,36,무궁화,Hibiscus syriacus,아욱과,낙엽관목,3
17. 생태습지원,37,무늬 비비추,Hosta sp.,비비추과,다년초,
17. 생태습지원,38,무늬 털머위,Farfugium japonicum 'Variegatum',국화과,다년초,
17. 생태습지원,39,물억새,Miscanthus sacchariflorus,벼과,다년초,
17. 생태습지원,40,박태기나무류,Cercis sp.,콩과,낙엽교목,3
17. 생태습지원,41,배롱나무,Lagerstroemia indica,부처꽃과,낙엽교목,1
17. 생태습지원,42,백합,Lilium longiflroum,백합과,다년초,
17. 생태습지원,43,버드나무,Salix koreensis,버드나무과,낙엽교목,4
17. 생태습지원,44,복자기,Acer triflorum,단풍나무과,낙엽교목,2
17. 생태습지원,45,붓꽃,Iris sanguinea,붓꽃과,다년초,
17. 생태습지원,46,산딸나무,Cornus kousa,층층나무과,낙엽교목,4
17. 생태습지원,47,산사나무,Crataegus pinnatifida,참나무과,낙엽교목,1
17. 생태습지원,48,산수유,Cornus officinalis,층층나무과,낙엽관목,9
17. 생태습지원,49,삼색버들(무늬개키버들),Salix integra 'Hakuro-Nishiki',버드나무과,낙엽관목,5
17. 생태습지원,50,소나무,Pinus densiflora,소나무과,상록교목,10
17. 생태습지원,51,수국,Hydrangea macrophylla,수국과,낙엽관목,10
17. 생태습지원,52,수련,Nymphaea odorata,수련과,다년초,
17. 생태습지원,53,애기부들,Typha angustifolia,부들과,다년초,
17. 생태습지원,54,연꽃,Nelumbo nucifera,수련과,다년초,
17. 생태습지원,55,영산홍,Rhododendron indicum ,진달래과,낙엽관목,다수
17. 생태습지원,56,왕모시풀,Boehmeria pannosa,쐐기풀과,다년초,
17. 생태습지원,57,왕버들,Salix chaenomeloides,버드나무과,낙엽교목,1
17. 생태습지원,58,왕벚나무,Prunus yedoensis,장미과,낙엽교목,4
17. 생태습지원,59,용버들,Salix matsudana f. tortuosa,버드나무과,낙엽교목,1
17. 생태습지원,60,일본매자나무,Berberis thunbergii,매자나무과,낙엽관목,1
17. 생태습지원,61,일본조팝 '골드 마운드',Spiraea japonica 'Gold Mound',장미과,낙엽관목,다수
17. 생태습지원,62,일본조팝 '골드 플레임',Spiraea japonica 'Gold Flame',장미과,낙엽관목,다수
17. 생태습지원,63,자귀나무,Albizia julibrissin,콩과,낙엽교목,3
17. 생태습지원,64,자란,Bletilla striata,난초과,다년초,
17. 생태습지원,65,작약,Paeonia lactiflora ,작약과,다년초,
17. 생태습지원,66,적피단풍,Acer griseum ,단풍나무과,낙엽교목,1
17. 생태습지원,67,제비붓꽃,Iris laevigata,붓꽃과,다년초,
17. 생태습지원,68,조뱅이,Breea segeta f. segeta ,국화과,다년초,
17. 생태습지원,69,조팝나무,Spiraea prunifolia f. simpliciflora,장미과,낙엽관목,10
17. 생태습지원,70,쥐똥나무,Ligustrum obtusifolium ,물푸레나무과,낙엽관목,2
17. 생태습지원,71,질경이택사,Alisma orientale,택사과,다년초,
17. 생태습지원,72,천일홍,Gomphrena globosa,국화과,1년초,
17. 생태습지원,73,칠엽수,Aesculus turbinata,칠엽수과,낙엽교목,3
17. 생태습지원,74,카나덴시스 버베나,Verbena canadensis,마편초과,다년초,
17. 생태습지원,75,키버들,Salix koriyanagi ,버드나무과,낙엽관목,3
17. 생태습지원,76,털부처꽃,Lythrum salicaria,부처꽃과,다년초,
17. 생태습지원,77,팥배나무,Sorbus alnifolia,장미과,낙엽교목,1
17. 생태습지원,78,하늘매발톱,Aquilegia japonica,미나리아재비과,다년초,
17. 생태습지원,79,호랑가시나무,Ilex cornuta,감탕나무과,상록교목,1
17. 생태습지원,80,화살나무,Euonymus alatus,노박덩굴과,낙엽관목,1
17. 생태습지원,81,황금매자나무,Berberis thunbergii `aurea',매자나무과,낙엽관목,1
17. 생태습지원,82,황금메테세쿼이아, Metasequoia glyptostroboides 'Gold Rush' ,낙우송과,낙엽교목,1
17. 생태습지원,83,흑삼릉,Sparganium erectum,흑삼릉과,다년초,
17. 생태습지원,84,흰박태기나무,Cercis chinensis (white),콩과,낙엽교목,1
17. 생태습지원,85,흰배롱나무,Lagerstroemia indica f. alba,부처꽃과,낙엽교목,2
17. 생태습지원,86,흰붓꽃,Iris sanguinea f. albiflora,붓꽃과,다년초,
18. 야생화원 ①,1,감국,Dendranthema indicum ,국화과,다년초,
18. 야생화원 ①,2,감나무,Diospyros kaki ,감나무과,낙엽교목,2
18. 야생화원 ①,3,구절초,Dendranthema zawadskii var. latilobum,국화과,다년초,
18. 야생화원 ①,4,기린초,Sedum kamtschaticum,돌나물과,다년초,
18. 야생화원 ①,5,꽃창포,Iris ensata var. spontanea,붓꽃과,다년초,
18. 야생화원 ①,6,노루오줌,Astilbe rubra,범의귀과,다년초,
18. 야생화원 ①,7,눈향나무,Juniperus chinensis var. sargentii,측백나무과,상록관목,1
18. 야생화원 ①,8,다알리아,Dahlia pinnata,국화과,다년초,
18. 야생화원 ①,9,단풍나무,Acer palmatum,단풍나무과,낙엽교목,1
18. 야생화원 ①,10,돌단풍,Mukdenia rossii,범의귀과,다년초,
18. 야생화원 ①,11,두메부추,Allium senescens ,백합과,다년초,
18. 야생화원 ①,12,둥근향나무,Juniperus chinensis 'Globosa',측백나무과,상록관목,3
18. 야생화원 ①,13,둥글레,Polygonatum odoratum var. pluriflorum,백합과,다년초,
18. 야생화원 ①,14,디기탈리스,Digitalis purpurea,현삼과,다년초,
18. 야생화원 ①,15,때죽나무,Styrax japonicus,때죽나무과,낙엽교목,3
18. 야생화원 ①,16,만첩빈도리,Deutzia crenata f. plena,범의귀과,낙엽관목,5
18. 야생화원 ①,17,매발톱꽃,Aquilegia buergeriana var. oxysepala,미나리아재비과,다년초,
18. 야생화원 ①,18,미나리냉이,Cardamine leucantha,십자화과,다년초,
18. 야생화원 ①,19,반송,Pinus densiflora f. multicaulis,소나무과,상록관목,10
18. 야생화원 ①,20,배롱나무,Lagerstroemia indica,부처꽃과,낙엽교목,10
18. 야생화원 ①,21,벌개미취,Aster koraiensis ,국화과,다년초,
18. 야생화원 ①,22,복수초,Adonis amurensis ,미나리아재비과,다년초,
18. 야생화원 ①,23,부들레야,Buddleja davidii,마전과,낙엽관목,10
18. 야생화원 ①,24,부추,Allium tuberosum ,백합과,다년초,
18. 야생화원 ①,25,붓꽃,Iris sanguinea,붓꽃과,다년초,
18. 야생화원 ①,26,비비추류,Hosta sp.,비비추과,다년초,
18. 야생화원 ①,27,비짜루,Asparagus schoberioides,백합과,다년초,
18. 야생화원 ①,28,산국,Dendranthema boreale ,국화과,다년초,
18. 야생화원 ①,29,산딸나무,Cornus kousa,층층나무과,낙엽교목,5
18. 야생화원 ①,30,산마늘,Allium microdictyon,백합과,다년초,
18. 야생화원 ①,31,상사화,Lycoris squamigera,수선화과,다년초,
18. 야생화원 ①,32,새머루,Vitis flexuosa,포도과,낙엽덩굴목본,
18. 야생화원 ①,33,새우난초,Calanthe discolor ,난초과,다년초,
18. 야생화원 ①,34,서양측백 '에메랄드 그린', Thuja occidentalis 'Emerald Green' ,측백나무과,상록교목,2
18. 야생화원 ①,35,섬초롱꽃,Campanula takesimana,초롱꽃과,다년초,6
18. 야생화원 ①,36,소나무,Pinus densiflora,소나무과,상록교목,
18. 야생화원 ①,37,수국,Hydrangea macrophylla,수국과,낙엽관목,10
18. 야생화원 ①,38,순비기나무,Vitex rotundifolia,마편초과,낙엽관목,
18. 야생화원 ①,39,쉽싸리,Lycopus lucidus,꿀풀과,다년초,
18. 야생화원 ①,40,양하,Zingiber mioga,생강과,다년초,
18. 야생화원 ①,41,옥잠화,Hosta plantaginea,비비추과,다년초,
18. 야생화원 ①,42,왕원추리,Hemerocallis fulva,원추리과,다년초,
18. 야생화원 ①,43,유카,Yucca gloriosa ,용설란과,다년초,
18. 야생화원 ①,44,은방울꽃,Convallaria keiskei ,백합과,다년초,1
18. 야생화원 ①,45,은행나무,Ginkgo biloba,은행나무과,낙엽교목,4
18. 야생화원 ①,46,이팝나무,Chionanthus retusus,물푸레나무과,낙엽교목,
18. 야생화원 ①,47,인동덩굴,Lonicera japonica ,인동과,낙엽덩굴목본,다수
18. 야생화원 ①,48,조팝나무,Spiraea prunifolia f. simpliciflora,장미과,낙엽관목,7
18. 야생화원 ①,49,사철나무 '그린 스파이어',Euonymus japonicus 'Green Spire' ,노박덩굴과,상록관목,다수
18. 야생화원 ①,50,주목,Taxus cuspidata,주목과,상록관목,4
18. 야생화원 ①,51,중국단풍,Acer buergerianum,단풍나무과,낙엽교목,
18. 야생화원 ①,52,참나리,Lilium lancifolium ,백합과,다년초,
18. 야생화원 ①,53,처녀고사리,Thelypteris palustris,처녀고사리과,다년초,
18. 야생화원 ①,54,천문동,Asparagus cochinchinensis,백합과,다년초,
18. 야생화원 ①,55,칸나,Canna generalis ,홍초과,다년초,
18. 야생화원 ①,56,큰애기나리,Disporum viridescens ,백합과,다년초,
18. 야생화원 ①,57,피나물,Hylomecon vernalis,양귀비과,다년초,
18. 야생화원 ①,58,할미꽃,Pulsatilla koreana,미나리아재비과,다년초,1
18. 야생화원 ①,59,홍가시나무,Photinia glabra,장미과,낙엽교목,3
18. 야생화원 ①,60,홍단풍,Acer palmatum var. speciosum,단풍나무과,낙엽교목,
19. 약용수원,1,가래나무,Juglans mandshurica,가래나무과,낙엽교목,1
19. 약용수원,2,갈참나무,Quercus aliena ,참나무과,낙엽교목,5
19. 약용수원,3,개암나무,Corylus heterophylla,자작나무과,낙엽관목,6
19. 약용수원,4,계수나무,Cercidiphyllum japonicum ,계수나무과,낙엽교목,2
19. 약용수원,5,대왕참나무,Quercus palustris,참나무과,낙엽교목,1
19. 약용수원,6,덜꿩나무,Viburnum erosum ,인동과,낙엽관목,1
19. 약용수원,7,독일붓꽃,Iris germanica,붓꽃과,다년초,
19. 약용수원,8,두릅나무,Aralia elata,두릅나무과,낙엽관목,2
19. 약용수원,9,두충나무,Eucommia ulmoides,두충과,낙엽교목,5
19. 약용수원,10,말오줌때,Euscaphis japonica,고추나무과,낙엽관목,5
19. 약용수원,11,밤나무,Castanea crenata,참나무과,낙엽교목,1
19. 약용수원,12,벌개미취,Aster koraiensis ,국화과,다년초,
19. 약용수원,13,벚나무류,Prunus sp.,장미과,낙엽교목,3
19. 약용수원,14,벽오동,Firmiana simplex ,벽오동과,낙엽교목,14
19. 약용수원,15,비목나무,Lindera erythrocarpa,녹나무과,낙엽교목,3
19. 약용수원,16,산딸나무,Cornus kousa,층층나무과,낙엽교목,2
19. 약용수원,17,산뽕나무,Morus bombycis ,뽕나무과,낙엽교목,5
19. 약용수원,18,산수유,Cornus officinalis,층층나무과,낙엽관목,3
19. 약용수원,19,살구나무,Prunus armeniaca var. ansu,장미과,낙엽교목,8
19. 약용수원,20,상수리나무,Quercus acutissima,참나무과,낙엽교목,5
19. 약용수원,21,생강나무,Lindera obtusiloba,녹나무과,낙엽관목,2
19. 약용수원,22,소나무,Pinus densiflora,소나무과,상록교목,7
19. 약용수원,23,신나무,Acer tataricum subsp. ginnala,단풍나무과,낙엽관목,1
19. 약용수원,24,애기우산나물,Syneilesis aconitifolia,국화과,다년초,
19. 약용수원,25,오갈피나무,Eleutherococcus sessiliflorus ,두릅나무과,낙엽관목,15
19. 약용수원,26,오리나무,Alnus japonica,자작나무과,낙엽교목,2
19. 약용수원,27,용담,Gentiana scabra,용담과,다년초,
19. 약용수원,28,은단풍,Acer saccharinum,단풍나무과,낙엽교목,4
19. 약용수원,29,이팝나무,Chionanthus retusus,물푸레나무과,낙엽교목,7
19. 약용수원,30,일본굴피나무,Pterocarya rhoifolia ,가래나무과,낙엽교목,4
19. 약용수원,31,일본목련,Magnolia obovata,목련과,낙엽교목,3
19. 약용수원,32,자두나무,Prunus salicina,장미과,낙엽교목,2
19. 약용수원,33,장구밥나무,Grewia parviflora,피나무과,낙엽관목,13
19. 약용수원,34,제비붓꽃,Iris laevigata,붓꽃과,다년초,
19. 약용수원,35,주걱비비추,Hosta clausa ,비비추과,다년초,
19. 약용수원,36,중국단풍,Acer buergerianum,단풍나무과,낙엽교목,8
19. 약용수원,37,진달래,Rhododendron mucronulatum ,진달래과,낙엽관목,5
19. 약용수원,38,참느릅나무,Ulmus parvifolia ,느릅나무과,낙엽교목,1
19. 약용수원,39,편백,Chamaecyparis obtusa,측백나무과,상록교목,30
19. 약용수원,40,헛개나무,Hovenia dulcis ,갈매나무과,낙엽교목,9
20. 소나무원,1,가문비나무,Picea jezoensis,가문비나무과,상록교목,1
20. 소나무원,2,계두송,Pinus sp.,소나무과,상록교목,3
20. 소나무원,3,구골나무,Osmanthus heterophyllus ,물푸레나무과,상록관목,1
20. 소나무원,4,구절초,Dendranthema zawadskii var. latilobum,국화과,다년초,
20. 소나무원,5,글라우카 가문비나무,Picea glauca Group,가문비나무과,상록교목,2
20. 소나무원,6,나도밤나무,Meliosma myriantha ,나도밤나무과,낙엽교목,1
20. 소나무원,7,남송,Pinus sp.,소나무과,상록교목,2
20. 소나무원,8,느티나무,Zelkova serrata,느릅나무과,낙엽교목,10
20. 소나무원,9,단풍나무,Acer palmatum,단풍나무과,낙엽교목,2
20. 소나무원,10,대왕소나무,Pinus palustris,소나무과,상록교목,2
20. 소나무원,11,동백나무,Camellia japonica,차나무과,상록교목,7
20. 소나무원,12,때죽나무,Styrax japonicus,때죽나무과,낙엽교목,3
20. 소나무원,13,반송,Pinus densiflora f. multicaulis,소나무과,상록관목,3
20. 소나무원,14,반용송,Pinus sp.,소나무과,상록관목,2
20. 소나무원,15,백송,Pinus bungeana ,소나무과,상록교목,2
20. 소나무원,16,벚나무,Prunus serrulata var. spontanea ,장미과,낙엽교목,4
20. 소나무원,17,벚나무 '모에르에이미',Prunus 'Moerheimii' ,장미과,낙엽교목,1
20. 소나무원,18,부탄소나무(히말라야송),Pinus wallichiana,소나무과,상록교목,3
20. 소나무원,19,사파이어송,Pinus sp.,소나무과,상록교목,1
20. 소나무원,20,산딸나무,Cornus kousa,층층나무과,낙엽교목,3
20. 소나무원,21,산벚나무,Prunus sargentii ,장미과,낙엽교목,3
20. 소나무원,22,산철쭉,Rhododendron yedoense f. poukhanense ,진달래과,낙엽관목,4
20. 소나무원,23,삼척 황금송,Pinus sp.,소나무과,상록교목,4
20. 소나무원,24,생강나무,Lindera obtusiloba,녹나무과,낙엽관목,1
20. 소나무원,25,소나무 (우림1호),Pinus densiflora,소나무과,상록교목,2
20. 소나무원,26,스트로브잣나무,Pinus strobus ,소나무과,상록교목,4
20. 소나무원,27,안수황금송,Pinus sp.,소나무과,상록교목,5
20. 소나무원,28,영산홍,Rhododendron indicum ,진달래과,상록교목,다수
20. 소나무원,29,오엽송,Pinus parviflora Glauca Group,소나무과,상록교목,1
20. 소나무원,30,원숭이소나무,Pinus densiflora,소나무과,상록교목,3
20. 소나무원,31,육송호피송,Pinus sp.,소나무과,상록교목,3
20. 소나무원,32,은청구주,Abies glauca Group,소나무과,상록교목,2
20. 소나무원,33,일엽송,Pinus sp.,소나무과,상록교목,3
20. 소나무원,34,잣나무,Pinus koraiensis ,소나무과,상록교목,1
20. 소나무원,35,졸참나무,Quercus serrata,참나무과,낙엽교목,1
20. 소나무원,36,종비나무,Picea koraiensis,소나무과,상록교목,3
20. 소나무원,37,진달래,Rhododendron mucronulatum ,진달래과,낙엽관목,20
20. 소나무원,38,진주금솔,Pinus sp.,소나무과,상록교목,2
20. 소나무원,39,쪽동백나무,Styrax obassia ,때죽나무과,낙엽교목,1
20. 소나무원,40,처진소나무,Pinus densiflora f. pendula,소나무과,상록교목,2
20. 소나무원,41,코니카 가문비나무,Picea glauca var. albertiana 'Conica',가문비나무과,상록교목,1
20. 소나무원,42,큰금계국,Coreopsis lanceolata,국화과,다년초,
20. 소나무원,43,편백,Chamaecyparis obtusa,측백나무과,상록교목,2
20. 소나무원,44,해변노간주,Juniperus rigida var. conferta,측백나무과,상록관목,1
20. 소나무원,45,호피송,Pinus densiflora,소나무과,상록교목,2
20. 소나무원,46,홍송,Pinus densiflora,소나무과,상록교목,1
20. 소나무원,47,화살나무,Euonymus alatus,노박덩굴과,낙엽관목,4
20. 소나무원,48,황금노간주나무,Juniperus x pfitzeriana 'Pfitzeriana Aurea' ,측백나무과,상록교목,3
20. 소나무원,49,황금반송,Pinus densiflora 'Oculus-Draconis',소나무과,상록관목,1
20. 소나무원,50,황금소나무,Pinus densiflora,소나무과,상록교목,3
20. 소나무원,51,황금오엽송,Pinus parviflora Glauca Group,소나무과,상록교목,7
20. 소나무원,52,황칠나무,Dendropanax morbiferus ,두릅나무과,상록교목,1
20. 소나무원,53,황피금송,Pinus densiflora,소나무과,상록교목,4
20. 소나무원,54,회잎나무,Euonymus alatus f. ciliatodentatus,노박덩굴과,낙엽관목,4
21. 양치식물원,1,가는쇠고사리,Arachniodes aristata ,관중과,다년초,
21. 양치식물원,2,가는잎족제비고사리,Dryopteris chinensis ,관중과,다년초,
21. 양치식물원,3,가는잎처녀고사리,Parathelypteris beddomei,처녀고사리과,다년초,
21. 양치식물원,4,가지고비고사리,Coniogramme japonica ,봉의꼬리과,다년초,
21. 양치식물원,5,각시고사리,Macrothelypteris oligophlebia var. elegans ,처녀고사리과,다년초,
21. 양치식물원,6,각시톱지네고사리,Dryopteris hangchowensis ,관중과,다년초,
21. 양치식물원,7,개고사리,Athyrium niponicum ,개고사리과,다년초,
21. 양치식물원,8,개면마,Pentarhizidium orientale ,야산고비과,다년초,
21. 양치식물원,9,개부처손,Selaginella stauntoniana ,부처손과,다년초,
21. 양치식물원,10,개속새,Equisetum ramosissimum ,속새과,다년초,
21. 양치식물원,11,개좀진고사리,Deparia × angustata ,개고사리과,다년초,
21. 양치식물원,12,개톱날고사리,Athyrium sheareri ,개고사리과,다년초,
21. 양치식물원,13,거미꼬리고사리,Asplenium castaneoviride ,꼬리고사리과,다년초,
21. 양치식물원,14,고란초,Selliguea hastata ,고란초과,다년초,
21. 양치식물원,15,고비,Osmunda japonica ,고비과,다년초,
21. 양치식물원,16,고비고사리,Coniogramme intermedia ,봉의꼬리과,다년초,
21. 양치식물원,17,고사리,Pteridium aquilinum var. latiusculum ,잔고사리과,다년초,
21. 양치식물원,18,고사리삼,Ophioglossum thermale ,고사리삼과,다년초,
21. 양치식물원,19,골개고사리,Athyrium otophorum ,개고사리과,다년초,
21. 양치식물원,20,골고사리,Asplenium scolopendrium ,꼬리고사리과,다년초,
21. 양치식물원,21,곰비늘고사리,Dryopteris uniformis ,관중과,다년초,
21. 양치식물원,22,곱새고사리,Deparia coreana ,개고사리과,다년초,
21. 양치식물원,23,관중,Dryopteris crassirhizoma ,관중과,다년초,
21. 양치식물원,24,광릉족제비고사리,Dryopteris × saxifragi-varia ,관중과,다년초,
21. 양치식물원,25,그라실리스 고비고사리,Coniogramme gracilis ,봉의꼬리과,다년초,
21. 양치식물원,26,금강가물고사리,Woodsia microsora ,우드풀과,다년초,
21. 양치식물원,27,금족제비고사리,Dryopteris gymnophylla ,관중과,다년초,
21. 양치식물원,28,기붐고사리,Blechnum gibbum 'silver lady',새깃아재비과,다년초,
21. 양치식물원,29,긴개관중,Polystichum tagawanum ,관중과,다년초,
21. 양치식물원,30,긴꽃고사리삼,Botrychium strictum ,고사리삼과,다년초,
21. 양치식물원,31,긴잎도깨비쇠고비,Cyrtomium devexiscapulae ,관중과,다년초,
21. 양치식물원,32,꽃부처손,Selaginella moellendorffii ,부처손과,다년초,
21. 양치식물원,33,고비,Osmundastrum cinnamomeum ,고비과,다년초,
21. 양치식물원,34,나도개관중,Polystichum pseudomakinoi ,관중과,다년초,
21. 양치식물원,35,나도고사리삼,Ophioglossum vulgatum ,고사리삼과,다년초,
21. 양치식물원,36,나도좀진고사리,Deparia pseudoconilii ,개고사리과,다년초,
21. 양치식물원,37,나도히초미,Polystichum polyblepharum ,관중과,다년초,
21. 양치식물원,38,나사미역고사리,Polypodium fauriei ,고란초과,다년초,
21. 양치식물원,39,낚시고사리,Polystichum craspedosorum ,관중과,다년초,
21. 양치식물원,40,내장고사리,Diplazium squamigerum ,개고사리과,다년초,
21. 양치식물원,41,넉줄고사리,Davallia mariesii ,넉줄고사리과,다년초,
21. 양치식물원,42,넓은잎개고사리,Athyrium wardii ,개고사리과,다년초,
21. 양치식물원,43,네가래,Marsilea quadrifolia ,네가래과,다년초,
21. 양치식물원,44,느리미고사리,Dryopteris tokyoensis ,관중과,다년초,
21. 양치식물원,45,늦고사리삼,Botrychium virginianum ,고사리삼과,다년초,
21. 양치식물원,46,다람쥐꼬리,Huperzia miyoshiana ,석송과,다년초,
21. 양치식물원,47,단풍고사리삼,Botrychium nipponicum ,고사리삼과,다년초,
21. 양치식물원,48,대만미역고사리,Polypodium formosanum ,고란초과,다년초,
21. 양치식물원,49,대왕속새,Equisetum giganteum ,속새과,다년초,
21. 양치식물원,50,더부살이고사리,Polystichum lepidocaulon ,관중과,다년초,
21. 양치식물원,51,더피줄고사리 ,"Nephrolepis cordifolia ""Duffii'",줄고사리과,다년초,
21. 양치식물원,52,도깨비쇠고비 ,Cyrtomium falcatum ,관중과,다년초,
21. 양치식물원,53,돌담고사리,Asplenium sarelii ,꼬리고사리과,다년초,
21. 양치식물원,54,돌잔고사리,Microlepia marginata,잔고사리과,다년초,
21. 양치식물원,55,돌토끼고사리,Microlepia strigosa ,잔고사리과,다년초,
21. 양치식물원,56,두디아 메디아,Doodia media ,새깃아재비과,다년초,
21. 양치식물원,57,드문고사리,Metathelypteris laxa,처녀고사리과,다년초,
21. 양치식물원,58,로즈마리,Rosmarinus officinalis,꿀풀과,다년초,
21. 양치식물원,59,롱기포키아 생이가래,Salvinia oblongifolia ,생이가래과,다년초,
21. 양치식물원,60,몰레스타 생이가래,Salvinia molesta,생이가래과,다년초,
21. 양치식물원,61,무늬꼬리족제비고사리,Arachniodes simplicior 'Variegata',관중과,다년초,
21. 양치식물원,62,물개구리밥,Azolla imbricata ,물개구리밥과,다년초,
21. 양치식물원,63,미역고사리,Polypodium vulgare ,고란초과,다년초,
21. 양치식물원,64,바위고사리,Odontosoria chinensis ,새깃고사리과,다년초,
21. 양치식물원,65,바위손,Selaginella tamariscina ,부처손과,다년초,
21. 양치식물원,66,바위족제비고사리,Dryopteris saxifraga ,관중과,다년초,
21. 양치식물원,67,바위틈고사리,Dryopteris goeringiana,관중과,다년초,
21. 양치식물원,68,박쥐난,Platycerium bifurcatum ,고란초과,다년초,
21. 양치식물원,69,반들지네고사리,Dryopteris medioxima ,관중과,다년초,
21. 양치식물원,70,반송,Pinus densiflora f. multicaulis,소나무과,상록관목,5
21. 양치식물원,71,뱀고사리,Athyrium yokoscense,개고사리과,다년초,
21. 양치식물원,72,뱀톱,Huperzia serrata,석송과,다년초,
21. 양치식물원,73,버들참빗,Deparia lancea ,개고사리과,다년초,
21. 양치식물원,74,범무늬밤일엽,Neolepisorus ovatus,고란초과,다년초,
21. 양치식물원,75,별고사리,Cyclosorus acuminatus ,처녀고사리과,다년초,
21. 양치식물원,76,보스톤줄고사리,Nephrolepis exaltata `Bostonensis',줄고사리과,다년초,
21. 양치식물원,77,봉의꼬리,Pteris multifida,봉의꼬리과,다년초,
21. 양치식물원,78,봉작고사리 ,Adiantum capillus-veneris ,공작고사리과,다년초,
21. 양치식물원,79,부싯깃고사리,Cheilanthes argentea ,봉의꼬리과,다년초,
21. 양치식물원,80,부처손,Selaginella involvens ,부처손과,다년초,
21. 양치식물원,81,비늘개관중,Polystichum retrosopaleaceum ,관중과,다년초,
21. 양치식물원,82,사다리고사리,Parathelypteris glanduligera,처녀고사리과,다년초,
21. 양치식물원,83,사철고사리,Asplenium pekinense ,꼬리고사리과,다년초,
21. 양치식물원,84,산개고사리,Athyrium vidalii ,개고사리과,다년초,
21. 양치식물원,85,산딸나무,Cornus kousa,층층나무과,낙엽교목,1
21. 양치식물원,86,산쇠고비,Cyrtomium fortunei var. clivicolum ,관중과,다년초,
21. 양치식물원,87,산일엽초,Lepisorus ussuriensis ,고란초과,다년초,
21. 양치식물원,88,산족제비고사리,Dryopteris bissetiana ,관중과,다년초,
21. 양치식물원,89,새둥지파초일엽,Asplenium nidus ,꼬리고사리과,다년초,
21. 양치식물원,90,석위,Pyrrosia lingua ,고란초과,다년초,
21. 양치식물원,91,선바위고사리,Onychium japonicum ,봉의꼬리과,다년초,
21. 양치식물원,92,선비늘이끼,Selaginella nipponica ,부처손과,다년초,
21. 양치식물원,93,설설고사리,Phegopteris decursive-pinnata,처녀고사리과,다년초,
21. 양치식물원,94,섬나도히초미,Polystichum longifrons ,관중과,다년초,
21. 양치식물원,95,섬향나무,Juniperus chinensis var. procumbens,측백나무과,상록관목,5
21. 양치식물원,96,세뿔석위,Pyrrosia hastata ,고란초과,다년초,
21. 양치식물원,97,소나무,Pinus densiflora,소나무과,상록교목,4
21. 양치식물원,98,소사나무,Carpinus turczaninowii,자작나무과,낙엽교목,1
21. 양치식물원,99,소철,Cycas revoluta,소철과,상록관목,1
21. 양치식물원,100,속새,Equisetum hyemale ,속새과,다년초,
21. 양치식물원,101,속새,Equisetum hyemale,속새과,다년초,
21. 양치식물원,102,손고비,Colysis elliptica ,고란초과,다년초,
21. 양치식물원,103,쇠고비,Cyrtomium fortunei ,관중과,다년초,
21. 양치식물원,104,쇠고사리,Arachniodes amabilis ,관중과,다년초,
21. 양치식물원,105,술잔형넉줄고사리,Davallia griffithiana ,넉줄고사리과,다년초,
21. 양치식물원,106,실고사리,Lygodium japonicum ,실고사리과,다년초,
21. 양치식물원,107,십자고사리,Polystichum tripteron ,관중과,다년초,
21. 양치식물원,108,안타르티카 나무고사리,Dicksonia antarctica ,딕소니아과,다년초,
21. 양치식물원,109,알록큰봉의꼬리,Pteris nipponica ,봉의꼬리과,다년초,
21. 양치식물원,110,애기말발도리,Deutzia gracilis ,범의귀과,낙엽관목,20
21. 양치식물원,111,애기석위,Pyrrosia petiolosa ,고란초과,다년초,
21. 양치식물원,112,애기일엽초,Lepisorus onoei ,고란초과,다년초,
21. 양치식물원,113,애기족제비고사리,Dryopteris sacrosancta,관중과,다년초,
21. 양치식물원,114,애기지네고사리,Dryopteris decipiens var. diplazioides ,관중과,다년초,
21. 양치식물원,115,왁살고사리,Arachniodes borealis ,관중과,다년초,
21. 양치식물원,116,왕지네고사리,Dryopteris monticola ,관중과,다년초,
21. 양치식물원,117,우니겜마타 새깃아재비,Woodwardia unigemmata,새깃아재비과,다년초,
21. 양치식물원,118,우단일엽,Pyrrosia linearifolia ,고란초과,다년초,
21. 양치식물원,119,윤쇠고비,Cyrtomium laetevirens ,관중과,다년초,
21. 양치식물원,120,음양고비,Osmunda claytoniana ,고비과,다년초,
21. 양치식물원,121,응달고사리,Cornopteris crenulatoserrulata,개고사리과,다년초,
21. 양치식물원,122,일색고사리,Arachniodes standishii ,관중과,다년초,
21. 양치식물원,123,일엽초,Lepisorus thunbergianus ,고란초과,다년초,
21. 양치식물원,124,잔고사리,Dennstaedtia hirsuta,잔고사리과,다년초,
21. 양치식물원,125,점고사리,Hypolepis punctata ,잔고사리과,다년초,
21. 양치식물원,126,제주지네고사리,Dryopteris championii ,관중과,다년초,
21. 양치식물원,127,족제비고사리,Dryopteris varia ,관중과,다년초,
21. 양치식물원,128,좀고사리,Pleurosoriopsis makinoi ,고란초과,다년초,
21. 양치식물원,129,좀미역고사리,Polypodium sibiricum,고란초과,다년초,
21. 양치식물원,130,좀사다리고사리,Thelypteris cystopteroides ,처녀고사리과,다년초,
21. 양치식물원,131,좀쇠고사리,Arachniodes sporadosora ,관중과,다년초,
21. 양치식물원,132,좀진고사리,Deparia conilii ,개고사리과,다년초,
21. 양치식물원,133,주름고사리,Diplazium wichurae ,개고사리과,다년초,
21. 양치식물원,134,주저리고사리,Dryopteris fragrans ,관중과,다년초,
21. 양치식물원,135,진고사리,Deparia japonica ,개고사리과,다년초,
21. 양치식물원,136,진저리고사리,Dryopteris maximowiczii,관중과,다년초,
21. 양치식물원,137,진퍼리고사리,Stegnogramma pozoi subsp. mollissima ,처녀고사리과,다년초,
21. 양치식물원,138,참나도히초미,Polystichum ovatopaleaceum var. coraiense ,관중과,다년초,
21. 양치식물원,139,참우드풀,Woodsia macrochlaena ,우드풀과,다년초,
21. 양치식물원,140,참지네고사리,Dryopteris nipponensis ,관중과,다년초,
21. 양치식물원,141,창일엽,Microsorum superficiale ,고란초과,다년초,
21. 양치식물원,142,청나래고사리,Matteuccia struthiopteris ,야산고비과,다년초,
21. 양치식물원,143,층층지네고사리,Dryopteris simasakii var. paleacea ,관중과,다년초,
21. 양치식물원,144,콩짜개덩굴,Lemmaphyllum microphyllum,고란초과,다년초,
21. 양치식물원,145,큰뱀톱,Huperzia javanica,석송과,다년초,
21. 양치식물원,146,큰별고사리,Cyclosorus penangianus,처녀고사리과,다년초,
21. 양치식물원,147,큰봉의꼬리,Pteris cretica ,봉의꼬리과,다년초,
21. 양치식물원,148,큰설설고사리,Phegopteris koreana ,처녀고사리과,다년초,
21. 양치식물원,149,큰족제비고사리,Dryopteris pacifica,관중과,다년초,
21. 양치식물원,150,큰지네고사리,Dryopteris fuscipes ,관중과,다년초,
21. 양치식물원,151,큰톱지네고사리,Dryopteris dickinsii ,관중과,다년초,
21. 양치식물원,152,큰홍지네고사리,Dryopteris hondoensis ,관중과,다년초,
21. 양치식물원,153,탐라별고사리,Cyclosorus dentatus ,처녀고사리과,다년초,
21. 양치식물원,154,탐라사다리고사리,Parathelypteris angustifrons,처녀고사리과,다년초,
21. 양치식물원,155,탐라진고사리,Deparia petersenii ,개고사리과,다년초,
21. 양치식물원,156,털고사리,Deparia pycnosora ,개고사리과,다년초,
21. 양치식물원,157,톱지네고사리,Dryopteris atrata ,관중과,다년초,
21. 양치식물원,158,퍼진고사리,Dryopteris expansa ,관중과,다년초,
21. 양치식물원,159,홍지네고사리,Dryopteris erythrosora ,관중과,다년초,
21. 양치식물원,160,황고사리,Dennstaedtia wilfordii,잔고사리과,다년초,
21. 양치식물원,161,흰털고사리,Deparia pycnosora var. albosquamata,개고사리과,다년초,
21. 양치식물원,162,히스피둘룸 공작고사리,Adiantum hispidulum ,봉의꼬리과,다년초,
22. 안면도자생수원,1,가막살나무,Viburnum dilatatum,인동과,낙엽관목,2
22. 안면도자생수원,2,가우라,Gaura lindheimeri ,바늘꽃과,다년초,
22. 안면도자생수원,3,개나리,Forsythia koreana,물푸레나무과,낙엽관목,5
22. 안면도자생수원,4,고로쇠나무,Acer pictum subsp. mono,단풍나무과,낙엽교목,1
22. 안면도자생수원,5,곰의말채나무,Cornus macrophylla,층층나무과,낙엽교목,1
22. 안면도자생수원,6,구절초,Dendranthema zawadskii var. latilobum,국화과,다년초,
22. 안면도자생수원,7,굴거리나무,Daphniphyllum macropodum,굴거리나무과,상록교목,40
22. 안면도자생수원,8,굴참나무,Quercus variabilis ,참나무과,낙엽교목,1
22. 안면도자생수원,9,굴피나무,Platycarya strobilacea ,가래나무과,낙엽교목,1
22. 안면도자생수원,10,귀룽나무,Prunus padus,장미과,낙엽교목,10
22. 안면도자생수원,11,꽃범의꼬리,Physostegia virginiana,꿀풀과,다년초,
22. 안면도자생수원,12,느티나무,Zelkova serrata,느릅나무과,낙엽교목,10
22. 안면도자생수원,13,단풍나무,Acer palmatum,단풍나무과,낙엽교목,18
22. 안면도자생수원,14,대팻집나무,Ilex macropoda ,감탕나무과,낙엽교목,1
22. 안면도자생수원,15,덜꿩나무,Viburnum erosum ,인동과,낙엽관목,2
22. 안면도자생수원,16,두릅나무,Aralia elata,두릅나무과,낙엽관목,1
22. 안면도자생수원,17,땅비싸리,Indigofera kirilowii ,콩과,다년초,
22. 안면도자생수원,18,때죽나무,Styrax japonicus,때죽나무과,낙엽교목,2
22. 안면도자생수원,19,만첩빈도리,Deutzia crenata f. plena,범의귀과,낙엽관목,2
22. 안면도자생수원,20,만첩홍도,Prunus persica f. rubroplena,장미과,낙엽관목,3
22. 안면도자생수원,21,말오줌때,Euscaphis japonica,고추나무과,낙엽교목,3
22. 안면도자생수원,22,먹넌출,Berchemia racemosa var. magna ,갈매나무과,낙엽덩굴목본,1
22. 안면도자생수원,23,모감주나무,Koelreuteria paniculata,무환자나무과,낙엽교목,50
22. 안면도자생수원,24,박태기나무,Cercis chinensis,콩과,낙엽관목,5
22. 안면도자생수원,25,밤나무,Castanea crenata,참나무과,낙엽교목,1
22. 안면도자생수원,26,백정화,Serissa japonica ,꼭두서니과,상록관목,2
22. 안면도자생수원,27,벌개미취,Aster koraiensis ,국화과,다년초,
22. 안면도자생수원,28,벚나무,Prunus serrulata var. spontanea ,장미과,낙엽교목,20
22. 안면도자생수원,29,병아리꽃나무,Rhodotypos scandens,장미과,낙엽관목,3
22. 안면도자생수원,30,보춘화,Cymbidium goeringii ,난초과,다년초,
22. 안면도자생수원,31,산딸나무,Cornus kousa,층층나무과,낙엽교목,15
22. 안면도자생수원,32,살구나무,Prunus armeniaca var. ansu,장미과,낙엽교목,1
22. 안면도자생수원,33,생강나무,Lindera obtusiloba,녹나무과,낙엽관목,3
22. 안면도자생수원,34,섬분꽃나무,Viburnum carlesii var. bitchuense ,인동과,낙엽관목,12
22. 안면도자생수원,35,섬쑥부쟁이,Aster glehnii,국화과,다년초,
22. 안면도자생수원,36,섬초롱꽃,Campanula takesimana,초롱꽃과,다년초,
22. 안면도자생수원,37,소나무,Pinus densiflora,소나무과,상록교목,20
22. 안면도자생수원,38,소태나무,Picrasma quassioides ,소태나무과,낙엽교목,1
22. 안면도자생수원,39,신나무,Acer tataricum subsp. ginnala,단풍나무과,낙엽관목,1
22. 안면도자생수원,40,아그배나무,Malus sieboldii ,장미과,낙엽관목,1
22. 안면도자생수원,41,은방울꽃,Convallaria keiskei ,백합과,다년초,
22. 안면도자생수원,42,음나무,Kalopanax septemlobus,두릅나무과,낙엽교목,2
22. 안면도자생수원,43,이스라지,Prunus japonica var. nakaii,장미과,낙엽관목,1
22. 안면도자생수원,44,일월비비추,Hosta capitata ,비비추,다년초,
22. 안면도자생수원,45,작살나무,Callicarpa japonica,마편초과,낙엽관목,1
22. 안면도자생수원,46,졸참나무,Quercus serrata,참나무과,낙엽교목,1
22. 안면도자생수원,47,좁은잎참빗살나무,Euonymus hamiltonianus var. maackii,노박덩굴과,낙엽교목,4
22. 안면도자생수원,48,주걱비비추,Hosta clausa ,비비추과,다년초,
22. 안면도자생수원,49,주목,Taxus cuspidata,주목과,상록교목,50
22. 안면도자생수원,50,진달래,Rhododendron mucronulatum ,진달래과,낙엽관목,1
22. 안면도자생수원,51,쪽동백나무,Styrax obassia ,때죽나무과,낙엽교목,2
22. 안면도자생수원,52,참나리,Lilium lancifolium ,백합과,다년초,
22. 안면도자생수원,53,편백,Chamaecyparis obtusa,측백나무과,상록교목,1
22. 안면도자생수원,54,홍단풍,Acer palmatum var. speciosum,단풍나무과,낙엽교목,2
22. 안면도자생수원,55,화살나무,Euonymus alatus,노박덩굴과,낙엽관목,3
22. 안면도자생수원,56,회잎나무,Euonymus alatus f. ciliatodentatus,노박덩굴과,낙엽관목,2
22. 안면도자생수원,57,흑산도비비추,Hosta yingeri ,비비추과,다년초,
23. 동백원,1,굴거리나무,Daphniphyllum macropodum,굴거리나무과,상록교목,12
23. 동백원,2,꽃댕강나무,Abelia x grandiflora,인동과,낙엽관목,30
23. 동백원,3,노루오줌,Astilbe rubra,범의귀과,다년초,
23. 동백원,4,동백나무,Camellia japonica,차나무과,상록교목,200
23. 동백원,5,때죽나무,Styrax japonicus,때죽나무과,낙엽교목,3
23. 동백원,6,박태기나무,Cercis chinensis,콩과,낙엽관목,8
23. 동백원,7,복사나무,Prunus persica,장미과,낙엽관목,1
23. 동백원,8,붕어꼬리 동백,Camellia sp.,차나무과,상록교목,4
23. 동백원,9,산딸나무,Cornus kousa,층층나무과,낙엽교목,1
23. 동백원,10,섬향나무,Juniperus chinensis var. procumbens,측백나무과,상록관목,18
23. 동백원,11,수선화,Narcissus sp.,수선화과,다년초,
23. 동백원,12,애기동백 (백복륜),Camellia sasanqua,차나무과,상록관목,5
23. 동백원,13,애기동백나무,Camellia sasanqua,차나무과,상록관목,30
23. 동백원,14,애기말발도리,Deutzia gracilis ,범의귀과,낙엽관목,100
23. 동백원,15,자귀나무,Albizia julibrissin,콩과,낙엽교목,1
23. 동백원,16,참느릅나무,Ulmus parvifolia ,느릅나무과,낙엽교목,4
23. 동백원,17,천사의 나팔,Brugmansia suaveolens,가지과,낙엽관목,4
23. 동백원,18,층층나무,Cornus controversa ,층층나무과,낙엽교목,4
23. 동백원,19,큰금계국,Coreopsis lanceolata,국화과,다년초,
23. 동백원,20,후박나무,Machilus thunbergii ,녹나무과,상록교목,2
24. 만병초원,1,가는잎처녀고사리,Parathelypteris beddomei,처녀고사리과,다년초,
24. 만병초원,2,감나무,Diospyros kaki ,감나무과,낙엽교목,1
24. 만병초원,3,고비,Osmunda japonica ,고비과,다년초,
24. 만병초원,4,관중,Dryopteris crassirhizoma ,관중과,다년초,
24. 만병초원,5,나도밤나무,Meliosma myriantha ,나도밤나무과,낙엽교목,1
24. 만병초원,6,낙우송,Taxodium distichum,낙우송과,낙엽교목,2
24. 만병초원,7,난엽두견,Rhododendron callimorphum ,진달래과,상록관목,3
24. 만병초원,8,노린재나무,Symplocos chinensis f. pilosa,노린재나무과,낙엽관목,1
24. 만병초원,9,느릅나무,Ulmus davidiana var. japonica,느릅나무과,낙엽관목,1
24. 만병초원,10,능수 느릅나무,Ulmus davidiana var. japonica 'Pendula',느릅나무과,낙엽관목,1
24. 만병초원,11,능수 산딸나무,Cornus kousa 'Pendula',층층나무과,낙엽관목,1
24. 만병초원,12,능수 회화나무,Sophora japonica  'Pendula',콩과,낙엽관목,1
24. 만병초원,13,두릅나무,Aralia elata,두릅나무과,낙엽관목,1
24. 만병초원,14,마영두견,Rhododendron delavayi ,진달래과,상록관목,4
24. 만병초원,15,만병초,Rhododendron brachycarpum,진달래과,상록관목,20
24. 만병초원,16,만병초류,Rhododendron sp.,진달래과,상록관목,50
24. 만병초원,17,말오줌때,Euscaphis japonica,인동과,낙엽교목,4
24. 만병초원,18,메타세쿼이아,Metasequoia glyptostroboides,낙우송과,낙엽교목,10
24. 만병초원,19,모과나무,Chaenomeles sinensis,장미과,낙엽교목,10
24. 만병초원,20,산겨릅나무,Acer tegmentosum,단풍나무과,낙엽교목,4
24. 만병초원,21,산딸나무,Cornus kousa,층층나무과,낙엽교목,1
24. 만병초원,22,산뽕나무,Morus bombycis ,뽕나무과,낙엽교목,1
24. 만병초원,23,산사나무,Crataegus pinnatifida,장미과,낙엽교목,1
24. 만병초원,24,산수유,Cornus officinalis,층층나무과,낙엽관목,1
24. 만병초원,25,상수리나무,Quercus acutissima,참나무과,낙엽교목,1
24. 만병초원,26,생강나무,Lindera obtusiloba,녹나무과,낙엽관목,1
24. 만병초원,27,서어나무,Carpinus laxiflora,자작나무과,상록관목,1
24. 만병초원,28,쓰쿠시만병초,Rhododendron degronianum ssp. heptamerum ,진달래과,상록관목,2
24. 만병초원,29,아즈마만병초,Rhododendron degronianum ,진달래과,상록관목,1
24. 만병초원,30,운금두견,Rhododendron fortunei ,진달래과,상록관목,80
24. 만병초원,31,원추리류,Hemerocallis sp.,백합과,다년초,
24. 만병초원,32,은행나무,Ginkgo biloba,은행나무과,낙엽교목,10
24. 만병초원,33,일본굴피나무,Pterocarya rhoifolia ,가래나무과,낙엽교목,3
24. 만병초원,34,작약,Paeonia lactiflora,작약과,다년초,
24. 만병초원,35,조병두견,Rhododendron pachypodum ,진달래과,상록관목,8
24. 만병초원,36,졸참나무,Quercus serrata,참나무과,낙엽교목,14
24. 만병초원,37,좀딱취,Ainsliaea apiculata,국화과,다년초,
24. 만병초원,38,지네고사리,Thelypteris japonica,처녀고사리과,다년초,
24. 만병초원,39,참느릅나무,Ulmus parvifolia ,느릅나무과,낙엽교목,10
24. 만병초원,40,층층나무,Cornus controversa ,층층나무과,낙엽교목,1
24. 만병초원,41,편백,Chamaecyparis obtusa,측백나무과,상록교목,25
24. 만병초원,42,혼만병초,Rhododendron metternichii var. hondoensis ,진달래과,상록관목,3
24. 만병초원,43,홍만병초,Rhododendron brachycarpum var. roseum,진달래과,상록관목,1
25. 한방약초원,1,감초,Glycyrrhiza uralensis,콩과,다년초,
25. 한방약초원,2,강활,Ostericum praeteritum,산형과,다년초,
25. 한방약초원,3,개맥문동,Liriope spicata ,백합과,다년초,
25. 한방약초원,4,개시호,Bupleurum longiradiatum,산형과,다년초,
25. 한방약초원,5,갯기름나물,Peucedanum japonicum,산형과,다년초,
25. 한방약초원,6,고본,Angelica tenuissima ,산형과,다년초,
25. 한방약초원,7,구기자,Lycium chinense,가지과,낙엽관목,30
25. 한방약초원,8,구절초,Dendranthema zawadskii var. latilobum,국화과,다년초,
25. 한방약초원,9,꽈리,Physalis alkekengi var. franchetii,가지과,다년초,
25. 한방약초원,10,꿀풀,Prunella vulgaris var. lilacina,꿀풀과,다년초,
25. 한방약초원,11,냉초,Veronicastrum sibiricum ,현삼과,다년초,
25. 한방약초원,12,눈빛승마,Cimicifuga dahurica,미나리아재비과,다년초,
25. 한방약초원,13,대추나무,Zizyphus jujuba var. inermis,갈매나무과,낙엽관목,5
25. 한방약초원,14,더덕,Codonopsis lanceolata,초롱꽃과,다년초,
25. 한방약초원,15,도라지,Platycodon grandiflorus,초롱꽃과,다년초,
25. 한방약초원,16,독활,Aralia cordata ,두릅나무과,다년초,
25. 한방약초원,17,둥근잎천남성,Arisaema amurense,천남성과,다년초,
25. 한방약초원,18,둥글레,Polygonatum odoratum var. pluriflorum,백합과,다년초,
25. 한방약초원,19,뚝갈,Patrinia villosa,마타리과,다년초,
25. 한방약초원,20,마,Dioscorea batatas,마과,다년초,
25. 한방약초원,21,만병초,Rhododendron brachycarpum,진달래과,다년초,
25. 한방약초원,22,만삼,Codonopsis pilosula,초롱꽃과,다년초,
25. 한방약초원,23,맥문동,Liriope platyphylla,백합과,다년초,
25. 한방약초원,24,모란,Paeonia suffruticosa,작약과,낙엽관목,80
25. 한방약초원,25,무늬둥글레,Polygonatum odoratum var. pluriflorum 'Variegatum' ,백합과,다년초,
25. 한방약초원,26,박하,Mentha piperascens,꿀풀과,다년초,
25. 한방약초원,27,반하,Pinellia ternata,천남성과,다년초,
25. 한방약초원,28,배초향,Agastache rugosa,꿀풀과,다년초,
25. 한방약초원,29,백작약,Paeonia japonica,작약과,다년초,
25. 한방약초원,30,비목나무,Lindera erythrocarpa,녹나무과,낙엽교목,6
25. 한방약초원,31,산수유,Cornus officinalis,층층나무과,낙엽관목,5
25. 한방약초원,32,삼백초,Saururus chinensis ,삼백초과,다년초,
25. 한방약초원,33,삼잎국화,Rudbeckia laciniata,국화과,다년초,
25. 한방약초원,34,삼지구엽초,Epimedium koreanum,매자나무과,다년초,
25. 한방약초원,35,삽주,Atractylodes ovata ,국화과,다년초,
25. 한방약초원,36,서양톱풀,Achillea millefolium,국화과,다년초,
25. 한방약초원,37,석창포,Acorus gramineus,천남성과,다년초,
25. 한방약초원,38,약모밀,Houttuynia cordata,삼백초과,다년초,
25. 한방약초원,39,인삼,Panax ginseng ,두릅나무과,다년초,
25. 한방약초원,40,적작약,Paeonia lactiflora (red),작약과,다년초,
25. 한방약초원,41,지치,Lithospermum erythrorhizon,지치과,다년초,
25. 한방약초원,42,참당귀,Angelica gigas,산형과,다년초,
25. 한방약초원,43,층층잔대,Adenophora verticillata,초롱꽃과,다년초,
25. 한방약초원,44,큰꿩의비름,Hylotelephium spectabile,돌나물과,다년초,
25. 한방약초원,45,큰조롱,Cynanchum wilfordii,박주가리과,다년초,
25. 한방약초원,46,편백,Chamaecyparis obtusa,측백나무과,상록교목,2
25. 한방약초원,47,황기,Astragalus mongholicus,콩과,다년초,
25. 한방약초원,48,후피향나무,Ternstroemia gymnanthera,차나무과,상록관목,1
26. 도서지역특성수종전시원,1,가시나무,Quercus myrsinifolia,참나무과,상록교목,3
26. 도서지역특성수종전시원,2,가침박달,Exochorda serratifolia ,장미과,낙엽관목,5
26. 도서지역특성수종전시원,3,갈참나무,Quercus aliena ,참나무과,낙엽교목,7
26. 도서지역특성수종전시원,4,갯기름나물,Peucedanum japonicum,산형과,다년초,
26. 도서지역특성수종전시원,5,갯방풍,Glehnia littoralis ,산형과,다년초,
26. 도서지역특성수종전시원,6,굴거리나무,Daphniphyllum macropodum,굴거리나무과,상록교목,35
26. 도서지역특성수종전시원,7,금난초,Cephalanthera falcata ,난초과,다년초,
26. 도서지역특성수종전시원,8,나무수국,Hydrangea paniculata,수국과,낙엽관목,4
26. 도서지역특성수종전시원,9,단풍나무류,Acer sp.,단풍나무과,낙엽교목,5
26. 도서지역특성수종전시원,10,대사초,Carex siderosticha,사초과,다년초,
26. 도서지역특성수종전시원,11,도라지,Platycodon grandiflorus,초롱꽃과,다년초,
26. 도서지역특성수종전시원,12,둥글레,Polygonatum odoratum var. pluriflorum,백합과,다년초,
26. 도서지역특성수종전시원,13,땅나리,Lilium callosum,백합과,다년초,
26. 도서지역특성수종전시원,14,떡갈나무,Quercus dentata,참나무과,낙엽교목,1
26. 도서지역특성수종전시원,15,떡갈잎 수국,Hydrangea quercifolia,수국과,낙엽관목,4
26. 도서지역특성수종전시원,16,마타리,Patrinia scabiosifolia ,마타리과,다년초,
26. 도서지역특성수종전시원,17,먼나무,Ilex rotunda,감탕나무과,상록교목,12
26. 도서지역특성수종전시원,18,모감주나무,Koelreuteria paniculata,무환자나무과,낙엽교목,1
26. 도서지역특성수종전시원,19,물박달나무,Betula davurica,자작나무과,낙엽교목,2
26. 도서지역특성수종전시원,20,미역취,Solidago virgaurea subsp. Asiatica,국화과,다년초,
26. 도서지역특성수종전시원,21,배초향,Agastache rugosa,꿀풀과,다년초,
26. 도서지역특성수종전시원,22,벌개미취,Aster koraiensis ,국화과,다년초,
26. 도서지역특성수종전시원,23,병솔나무,Callistemon citrinus,도금양과,낙엽관목,3
26. 도서지역특성수종전시원,24,분홍할미꽃,Pulsatilla dahurica,미나리아재비과,다년초,
26. 도서지역특성수종전시원,25,뻐꾹나리,Tricyrtis macropoda,백합과,다년초,
26. 도서지역특성수종전시원,26,뿔남천,Mahonia japonica,매자나무과,상록관목,4
26. 도서지역특성수종전시원,27,사철쑥,Artemisia capillaris,국화과,다년초,
26. 도서지역특성수종전시원,28,산뽕나무,Morus bombycis ,뽕나무과,낙엽교목,4
26. 도서지역특성수종전시원,29,산초나무,Zanthoxylum schinifolium ,운향과,낙엽관목,6
26. 도서지역특성수종전시원,30,상록패랭이꽃,Dianthus plumarius,석죽과,다년초,
26. 도서지역특성수종전시원,31,생달나무,Cinnamomum yabunikkei,녹나무과,상록교목,4
26. 도서지역특성수종전시원,32,서어나무,Carpinus laxiflora,자작나무과,낙엽교목,6
26. 도서지역특성수종전시원,33,소사나무,Carpinus turczaninowii,자작나무과,낙엽교목,5
26. 도서지역특성수종전시원,34,소태나무,Picrasma quassioides ,소태나무과,낙엽교목,2
26. 도서지역특성수종전시원,35,수리취,Synurus deltoides,국화과,다년초,
26. 도서지역특성수종전시원,36,쉬나무,Euodia daniellii ,운향과,낙엽교목,4
26. 도서지역특성수종전시원,37,식나무,Aucuba japonica ,식나무과,상록관목,7
26. 도서지역특성수종전시원,38,은난초,Cephalanthera erecta,난초과,다년초,
26. 도서지역특성수종전시원,39,은목서,Osmanthus x fortunei ,물푸레나무과,상록관목,14
26. 도서지역특성수종전시원,40,삼색병꽃나무,Weigela florida f. subtricolor,인동과,낙엽관목,4
26. 도서지역특성수종전시원,41,정금나무,Vaccinium oldhamii,진달래과,낙엽관목,12
26. 도서지역특성수종전시원,42,졸참나무,Quercus serrata,참나무과,낙엽교목,3
26. 도서지역특성수종전시원,43,종가시나무,Quercus glauca,참나무과,상록교목,6
26. 도서지역특성수종전시원,44,주엽나무,Gleditsia japonica,콩과,낙엽교목,5
26. 도서지역특성수종전시원,45,참나리,Lilium lancifolium ,백합과,다년초,
26. 도서지역특성수종전시원,46,참빗살나무,Euonymus hamiltonianus,노박덩굴과,낙엽교목,5
26. 도서지역특성수종전시원,47,참식나무,Neolitsea sericea,논나무과,상록교목,2
26. 도서지역특성수종전시원,48,참취,Aster scaber,국화과,다년초,
26. 도서지역특성수종전시원,49,천문동,Asparagus cochinchinensis,백합과,다년초,
26. 도서지역특성수종전시원,50,층층잔대,Adenophora verticillata,초롱꽃과,다년초,
26. 도서지역특성수종전시원,51,큰꿩의비름,Hylotelephium spectabile,돌나물과,다년초,
26. 도서지역특성수종전시원,52,투구꽃,Aconitum jaluense,미나리아재비과,다년초,
26. 도서지역특성수종전시원,53,팽나무,Celtis sinensis ,느릅나무과,낙엽교목,5
26. 도서지역특성수종전시원,54,페이조아,Feijoa sellowiana ,도금양과,상록관목,4
26. 도서지역특성수종전시원,55,피칸,Carya illinoinensis,가래나무과,낙엽교목,3
26. 도서지역특성수종전시원,56,해국,Aster spathulifolius,국화과,다년초,
26. 도서지역특성수종전시원,57,해당화,Rosa rugosa,장미과,다년초,30
26. 도서지역특성수종전시원,58,홍가시나무,Photinia glabra,장미과,낙엽교목,6
26. 도서지역특성수종전시원,59,황칠나무,Dendropanax morbiferus ,두릅나무과,상록교목,3
26. 도서지역특성수종전시원,60,후박나무,Machilus thunbergii ,녹나무과,상록교목,20
27. 암석원,1,가는잎마삭줄,Trachelospermum asiaticum,협죽도과,상록덩굴목본,
27. 암석원,2,가침박달,Exochorda serratifolia ,장미과,낙엽관목,5
27. 암석원,3,공작단풍,Acer palmatum var. dissectum ,단풍나무과,낙엽관목,5
27. 암석원,4,구절초,Dendranthema zawadskii var. latilobum,국화과,다년초,
27. 암석원,5,꽃범의꼬리,Physostegia virginiana,꿀풀과,다년초,
27. 암석원,6,독활,Aralia cordata ,두릅나무과,다년초,
27. 암석원,7,돈나무,Pittosporum tobira,돈나무과,상록관목,1
27. 암석원,8,돌나물,Sedum sarmentosum,돌나물과,다년초,
27. 암석원,9,돌단풍,Mukdenia rossii,범의귀과,다년초,
27. 암석원,10,둥근바위솔,Orostachys malacophylla,돌나물과,다년초,
27. 암석원,11,마삭줄,Trachelospermum asiaticum,협죽도과,상록덩굴목본,
27. 암석원,12,무늬 가는잎마삭줄,Trachelospermum sp.,협죽도과,상록덩굴목본,
27. 암석원,13,무늬마삭줄,Trachelospermum asiaticum 'Variegatum',협죽도과,상록덩굴목본,
27. 암석원,14,물싸리,Potentilla fruticosa var. rigida,장미과,낙엽관목,10
27. 암석원,15,백련초,Opunitia humifusa,선인장과,다년초,
27. 암석원,16,붉은인동,Lonicera periclymenum 'Belgica',인동과,낙엽덩굴목본,3
27. 암석원,17,산부추,Allium thunbergii,백합과,다년초,
27. 암석원,18,섬초롱꽃,Campanula takesimana ,초롱꽃과,다년초,
27. 암석원,19,섬향나무,Juniperus chinensis var. procumbens,측백나무과,상록관목,3
27. 암석원,20,소사나무,Carpinus turczaninowii,자작나무과,낙엽교목,4
27. 암석원,21,솔잎세덤,Sedum hispanicum,돌나물과,다년초,
27. 암석원,22,송악,Hedera rhombea,두릅나무과,상록덩굴목본,3
27. 암석원,23,애기범부채,Tritonia x crocosmiiflora,붓꽃과,다년초,1
27. 암석원,24,완도호랑가시나무,Ilex cornuta 'Wandoensis',감탕나무과,상록교목,3
27. 암석원,25,왜철쭉,Rhododendron sp. ,진달과,낙엽관목,
27. 암석원,26,인동덩굴,Lonicera japonica ,인동과,낙엽덩굴목본,20
27. 암석원,27,자주천인국,Echinacea purpurea ,국화과,다년초,
27. 암석원,28,처진뽕나무,Morus alba f. pendula,뽕나무과,낙엽관목,7
27. 암석원,29,철쭉류,Rhododendron sp. ,진달래,낙엽관목,5
27. 암석원,30,큰금계국,Cornus controversa ,국화과,다년초,
27. 암석원,31,큰기린초,Sedum aizoon var. latifolium,돌나물과,다년초,
27. 암석원,32,한라개승마,Aruncus aethusifolius,장미과,다년초,
27. 암석원,33,한라구절초,Dendranthema coreanum,국화과,다년초,
27. 암석원,34,화백,Chamaecyparis pisifera,측백나무과,상록교목,12
27. 암석원,35,황금측백나무,Platycladus orientalis 'Aurea Nana' ,측백나무과,상록관목,13
28. 무늬식물원,1,금사철나무,Euonymus japonicus 'Ovatus Aureus' ,노박덩굴과,상록관목,1
28. 무늬식물원,2,금식나무,Aucuba japonica f. variegata,식나무과,상록관목,2
28. 무늬식물원,3,남천,Nandina domestica,매자나무과,낙엽관목,40
28. 무늬식물원,4,노랑무늬사사,Pleioblastus viridi-striatus,벼과,상록관목,
28. 무늬식물원,5,눈향나무,Juniperus chinensis var. sargentii,측백나무과,상록관목,4
28. 무늬식물원,6,레우코토에 '레인보우',Leucothoe fontanesiana 'Rainbow' ,측백나무과,상록관목,10
28. 무늬식물원,7,레일란드 측백 '실버 더스트',Cupressocyparis Leylandii 'Silver Dust',측백나무과,상록교목,1
28. 무늬식물원,8,매실나무,Prunus mume,장미과,낙엽관목,5
28. 무늬식물원,9,무늬 고욤나무,Diospyros lotus 'Variegatus',감나무과,낙엽교목,1
28. 무늬식물원,10,무늬 곰솔,Pinus thunbergii  'Variegata',소나무과,상록교목,2
28. 무늬식물원,11,무늬 꽃댕강나무,Abelia x grandiflora 'Variegatum', 인동과,낙엽관목,1
28. 무늬식물원,12,무늬 네군도단풍,Acer negundo 'Variegatum',단풍나무과,낙엽교목,1
28. 무늬식물원,13,무늬 느티나무,Zelkova serrata 'Variegata',느릅나무과,낙엽관목,1
28. 무늬식물원,14,무늬 딱총나무,Sambucus williamsii var. coreana 'Variegata',인동과,낙엽관목,1
28. 무늬식물원,15,무늬 때죽나무,Styrax japonicus 'Variegatus',때죽나무과,낙엽교목,1
28. 무늬식물원,16,무늬 마삭줄,Trachelospermum asiaticum 'Variegatum',협죽도과,상록덩굴목본,5
28. 무늬식물원,17,무늬 빈도리,Deutzia crenata 'Variegata',범의귀과,낙엽관목,5
28. 무늬식물원,18,무늬 사스레피나무,Eurya japonica  'Variegata',차나무과,상록관목,3
28. 무늬식물원,19,무늬 소나무,Pinus densiflora,소나무과,상록교목,1
28. 무늬식물원,20,무늬 수국,Hydrangea sp.,수국과,낙엽관목,1
28. 무늬식물원,21,무늬 좀마삭줄,Trachelospermum sp.,협죽도과,상록덩굴목본,1
28. 무늬식물원,22,무늬 중국쥐똥나무,Ligustrum sinense  'Variegatum',물푸레나무과,낙엽관목,30
28. 무늬식물원,23,무늬 층층나무,Cornus controversa 'Variegata',층층나무과,낙엽교목,1
28. 무늬식물원,24,무늬 치자나무,Gardenia sp.,꼭두서니과,상록관목,10
28. 무늬식물원,25,무늬 황매화,Kerria japonica 'Variegata',장미과,낙엽관목,1
28. 무늬식물원,26,벌개미취,Aster koraiensis ,국화과,다년초,
28. 무늬식물원,27,비비추류,Hosta sp.,비비추과,다년초,
28. 무늬식물원,28,비비추류 2,Hosta sp.,비비추과,다년초,
28. 무늬식물원,29,붉나무,Rhus javanica,옻나무과,낙엽관목,1
28. 무늬식물원,30,사파이어송,Pinus sp.,소나무과,상록교목,2
28. 무늬식물원,31,산딸나무 '골드 아이',Cornus kousa 'Gold Eye',층층나무과,낙엽교목,2
28. 무늬식물원,32,산딸나무 '레인보우',Cornus kousa 'Rainbow',층층나무과,낙엽교목,2
28. 무늬식물원,33,산딸나무류,Cornus kousa,층층나무과,낙엽교목,1
28. 무늬식물원,34,삼나무 '세칸 스키',Cryptomeria japonica `Second Ski',낙우송과,낙엽교목,1
28. 무늬식물원,35,서양측백 '에메랄드 골드', Thuja occidentalis 'Emerald Gold' ,측백나무과,상록교목,2
28. 무늬식물원,36,섬향나무,Juniperus chinensis var. procumbens,측백나무과,상록관목,2
28. 무늬식물원,37,소나무,Pinus densiflora,소나무과,상록교목,2
28. 무늬식물원,38,스코풀로룸 향나무 '스카이로켓',Juniperus scopulorum 'Skyrocket',측백나무과,상록교목,10
28. 무늬식물원,39,자주잎맥문동,Ophiopogon planiscapus 'Nigrescens' ,백합과,다년초,
28. 무늬식물원,40,진달래,Rhododendron mucronulatum ,진달래과,낙엽관목,20
28. 무늬식물원,41,코니카 가문비나무,Picea glauca var. albertiana 'Conica',가문비나무과,상록관목,10
28. 무늬식물원,42,합다리나무,Meliosma oldhamii ,나도밤나무과,낙엽교목,1
28. 무늬식물원,43,향나무 '히버니카',Juniperus communis 'Hibernica' ,측백나무과,상록교목,23
28. 무늬식물원,44,홍가시나무,Photinia glabra,장미과,낙엽교목,15
28. 무늬식물원,45,화백류,Chamaecyparis pisifera Hybrid,측백나무과,상록교목,12
28. 무늬식물원,46,황금노간주나무,Juniperus x pfitzeriana 'Pfitzeriana Aurea' ,측백나무과,상록교목,5
28. 무늬식물원,47,황금 물푸레나무,Fraxinus rhynchophylla 'Aureo-variegata',물푸레나무과,낙엽교목,4
28. 무늬식물원,48,황금 사철나무,Euonymus japonicus 'Aureo-variegata',노박덩굴과,상록교목,5
28. 무늬식물원,49,황금 섬잣나무,Pinus parviflora 'Aurea',소나무과,상록교목,1
28. 무늬식물원,50,황금 소나무,Pinus densiflora cvs.,소나무과,상록교목,2
28. 무늬식물원,51,황금 주목,Taxus cuspidata 'Nana Aurescens' ,주목과,상록교목,1
28. 무늬식물원,52,황금 화백,Chamaecyparis pisifera 'Aurea',측백나무과,상록교목,1
29. 치유의 숲길,1,가는잎족제비고사리,Dryopteris chinensis,관중과,다년초,
29. 치유의 숲길,2,가는잎처녀고사리,Parathelypteris beddomei,처녀고사리과,다년초,
29. 치유의 숲길,3,개옻나무,Rhus trichocarpa,옻나무과,낙엽관목,5
29. 치유의 숲길,4,계요등,Paederia scandens var. scandens,꼭두서니과,다년초,
29. 치유의 숲길,5,고로쇠나무,Acer pictum subsp. mono,단풍나무과,낙엽교목,1
29. 치유의 숲길,6,국수나무,Stephanandra incisa,장미과,낙엽관목,다수
29. 치유의 숲길,7,굴피나무,Platycarya strobilacea ,가래나무과,낙엽교목,1
29. 치유의 숲길,8,나도밤나무,Meliosma myriantha ,나도밤나무과,낙엽교목,5
29. 치유의 숲길,9,대사초,Carex siderosticha,사초과,다년초,
29. 치유의 숲길,10,대팻집나무,Ilex macropoda ,감탕나무과,낙엽교목,2
29. 치유의 숲길,11,덜꿩나무,Viburnum erosum ,인동과,낙엽관목,1
29. 치유의 숲길,12,동백나무,Camellia japonica,차나무과,상록교목,30
29. 치유의 숲길,13,두릅나무,Aralia elata,두릅나무과,낙엽관목,5
29. 치유의 숲길,14,때죽나무,Styrax japonicus,때죽나무과,낙엽교목,30
29. 치유의 숲길,15,말오줌때,Euscaphis japonica,고추나무과,낙엽교목,50
29. 치유의 숲길,16,먹넌출,Berchemia racemosa var. magna ,갈매나무과,낙엽덩굴목본,1
29. 치유의 숲길,17,밤나무,Castanea crenata,참나무과,낙엽교목,1
29. 치유의 숲길,18,백목련,Magnolia denudata,목련과,낙엽교목,12
29. 치유의 숲길,19,비목나무,Lindera erythrocarpa,녹나무과,낙엽교목,1
29. 치유의 숲길,20,산검양옻나무,Rhus sylvestris,옻나무과,낙엽교목,7
29. 치유의 숲길,21,산딸나무,Cornus kousa,층층나무과,낙엽교목,1
29. 치유의 숲길,22,산벚나무,Prunus sargentii ,장미과,낙엽교목,10
29. 치유의 숲길,23,산초나무,Zanthoxylum schinifolium ,운향과,낙엽관목,10
29. 치유의 숲길,24,새우난초,Calanthe discolor ,난초과,다년초,
29. 치유의 숲길,25,서양측백나무,Thuja occidentalis,측백나무과,상록교목,22
29. 치유의 숲길,26,소나무,Pinus densiflora,소나무과,상록교목,다수
29. 치유의 숲길,27,수리딸기,Rubus corchorifolius,장미과,낙엽관목,
29. 치유의 숲길,28,음나무,Kalopanax septemlobus,두릅나무과,낙엽교목,5
29. 치유의 숲길,29,이팝나무,Chionanthus retusus,물푸레나무과,낙엽교목,25
29. 치유의 숲길,30,일본굴피나무,Pterocarya rhoifolia ,가래나무과,낙엽교목,2
29. 치유의 숲길,31,자주꿩의다리,Thalictrum uchiyamae,미나리아재비과,다년초,
29. 치유의 숲길,32,졸참나무,Quercus serrata,참나무과,낙엽교목,10
29. 치유의 숲길,33,주걱비비추,Hosta clausa ,비비추과,다년초,
29. 치유의 숲길,34,지네고사리,Thelypteris japonica,처녀고사리과,다년초,
29. 치유의 숲길,35,진달래,Rhododendron mucronulatum ,진달래과,낙엽관목,10
29. 치유의 숲길,36,쪽동백나무,Styrax obassia ,때죽나무과,낙엽교목,8
29. 치유의 숲길,37,참가시나무,Quercus salicina ,참나무과,상록교목,2
29. 치유의 숲길,38,처녀치마,Heloniopsis koreana ,백합과,다년초,
29. 치유의 숲길,39,측백나무류,Thuja orientalis,측백나무과,상록교목,15
29. 치유의 숲길,40,탐라사다리고사리,Parathelypteris angustifrons,처녀고사리과,다년초,
29. 치유의 숲길,41,태백기린초,Sedum latiovalifolium,돌나물과,다년초,
29. 치유의 숲길,42,태안원추리,Hemerocallis taeanensis,백합과,다년초,
29. 치유의 숲길,43,팽나무,Celtis sinensis ,느릅나무과,낙엽교목,4
29. 치유의 숲길,44,편백,Chamaecyparis obtusa,측백나무과,상록교목,다수
29. 치유의 숲길,45,호자덩굴,Mitchella undulata,꼭두서니과,다년초,
29. 치유의 숲길,46,홀아비꽃대,Chloranthus japonicus,홀아비꽃대과,다년초,
29. 치유의 숲길,47,흑산도비비추,Hosta yingeri ,비비추과,다년초,
30. 전망대,1,가막살나무,Viburnum dilatatum,인동과,낙엽관목,1
30. 전망대,2,감태나무,Lindera glauca,녹나무과,낙엽관목,2
30. 전망대,3,계수나무,Cercidiphyllum japonicum ,계수나무과,낙엽교목,1
30. 전망대,4,길마가지나무,Lonicera harae,인동과,낙엽관목,6
30. 전망대,5,꾸지뽕나무,Cudrania tricuspidata,뽕나무과,낙엽관목,1
30. 전망대,6,나도밤나무,Meliosma myriantha ,나도밤나무과,낙엽교목,1
30. 전망대,7,노간주나무,Juniperus rigida,측백나무과,상록관목,2
30. 전망대,8,눈향나무,Juniperus chinensis var. sargentii,측백나무과,상록관목,13
30. 전망대,9,느티나무,Zelkova serrata,느릅나무과,낙엽교목,3
30. 전망대,10,단풍나무,Acer palmatum,단풍나무과,낙엽교목,22
30. 전망대,11,대팻집나무,Ilex macropoda ,감탕나무과,낙엽교목,2
30. 전망대,12,동백나무,Camellia japonica,차나무과,낙엽교목,100
30. 전망대,13,때죽나무,Styrax japonicus,때죽나무과,낙엽교목,1
30. 전망대,14,말오줌때,Euscaphis japonica,고추나무과,낙엽교목,7
30. 전망대,15,말채나무,Cornus walteri ,층층나무과,낙엽교목,2
30. 전망대,16,매실나무,Prunus mume,장미과,낙엽관목,10
30. 전망대,17,맥문동,Liriope platyphylla,백합과,다년초,
30. 전망대,18,멀구슬나무,Melia azedarach,멀구슬나무과,낙엽교목,1
30. 전망대,19,모감주나무,Koelreuteria paniculata,무환자나무과,낙엽교목,2
30. 전망대,20,목련,Magnolia kobus,목련과,낙엽교목,3
30. 전망대,21,복자기,Acer triflorum,단풍나무과,낙엽교목,1
30. 전망대,22,분꽃나무,Viburnum carlesii ,인동과,낙엽관목,1
30. 전망대,23,블루베리 '넬슨',Vaccinium corymbosum 'Nelson',진달래과,낙엽관목,5
30. 전망대,24,블루베리 '노스랜드',Vaccinium corymbosum 'Nothland',진달래과,낙엽관목,5
30. 전망대,25,블루베리 '다로',Vaccinium corymbosum 'Daro',진달래과,낙엽관목,4
30. 전망대,26,블루베리 '레드라이트',Vaccinium corymbosum 'Red Light',진달래과,낙엽관목,4
30. 전망대,27,블루베리 '브리지스타',Vaccinium corymbosum 'Bridge Star',진달래과,낙엽관목,4
30. 전망대,28,블루베리 '블루레이',Vaccinium corymbosum 'Blue Ray',진달래과,낙엽관목,3
30. 전망대,29,블루베리 '블루제이',Vaccinium corymbosum 'Blue Jay',진달래과,낙엽관목,3
30. 전망대,30,블루베리 '블루크롭',Vaccinium corymbosum 'Blue Crop',진달래과,낙엽관목,6
30. 전망대,31,블루베리 '스파르타',Vaccinium corymbosum 'Sparta',진달래과,낙엽관목,1
30. 전망대,32,블루베리 '스파탄',Vaccinium corymbosum 'Spatan',진달래과,낙엽관목,1
30. 전망대,33,블루베리 '시에라',Vaccinium corymbosum 'Sierra',진달래과,낙엽관목,5
30. 전망대,34,블루베리 '엘레강스',Vaccinium corymbosum 'Elegans',진달래과,낙엽관목,2
30. 전망대,35,블루베리 '엘리오트',Vaccinium corymbosum 'Elliott',진달래과,낙엽관목,3
30. 전망대,36,블루베리 '치프와',Vaccinium corymbosum 'Chippewa' ,진달래과,낙엽관목,4
30. 전망대,37,블루베리 '탑헷',Vaccinium corymbosum 'Top Hat',진달래과,낙엽관목,4
30. 전망대,38,블루베리 '폴라리스',Vaccinium corymbosum 'Polaris',진달래과,낙엽관목,2
30. 전망대,39,블루베리 '핑크레몬에이드',Vaccinium corymbosum 'Pink Lemonade' ,진달래과,낙엽관목,4
30. 전망대,40,산검양옻나무,Rhus sylvestris,옻나무과,낙엽교목,1
30. 전망대,41,산딸나무,Cornus kousa,층층나무과,낙엽교목,15
30. 전망대,42,산벚나무,Prunus sargentii ,장미과,낙엽교목,20
30. 전망대,43,산철쭉,Rhododendron yedoense f. poukhanense ,진달래과,낙엽관목,다수
30. 전망대,44,생강나무,Lindera obtusiloba,녹나무과,낙엽관목,3
30. 전망대,45,섬향나무,Juniperus chinensis var. procumbens,측백나무과,상록관목,10
30. 전망대,46,소나무,Pinus densiflora,소나무과,상록교목,30
30. 전망대,47,스트로브잣나무,Pinus strobus ,소나무과,상록교목,4
30. 전망대,48,은행나무,Ginkgo biloba,은행나무과,낙엽교목,3
30. 전망대,49,음나무,Kalopanax septemlobus,두릅나무과,낙엽교목,4
30. 전망대,50,작살나무,Callicarpa japonica,마편초과,낙엽관목,1
30. 전망대,51,정금나무,Vaccinium oldhamii,진달래과,낙엽관목,8
30. 전망대,52,졸참나무,Quercus serrata,참나무과,낙엽교목,21
30. 전망대,53,진달래,Rhododendron mucronulatum ,진달래과,낙엽관목,20
30. 전망대,54,쪽동백나무,Styrax obassia ,때죽나무과,낙엽교목,4
30. 전망대,55,체리 '나폴레옹',Prunus avium 'Napoleon',장미과,낙엽교목,1
30. 전망대,56,체리 '사토니시키',Prunus avium 'Satonishiki',장미과,낙엽교목,2
30. 전망대,57,체리 '일출',Prunus avium 'Ilchul',장미과,낙엽교목,1
30. 전망대,58,체리 '자브레',Prunus avium 'Jabre',장미과,낙엽교목,1
30. 전망대,59,초코베리 '네로',Aronia arbutifolia 'Nero',장미과,낙엽관목,1
30. 전망대,60,초코베리 '바이킹',Aronia arbutifolia 'Baiking',장미과,낙엽관목,10
30. 전망대,61,초코베리 '바이킹 엘레강스',Aronia arbutifolia 'Baiking Elegans',장미과,낙엽관목,5
30. 전망대,62,초코베리 '오다마 마치코',Aronia arbutifolia 'Odama Machico',장미과,낙엽관목,10
30. 전망대,63,칠엽수,Aesculus turbinata,칠엽수과,낙엽교목,1
30. 전망대,64,캐나다딱총나무,Sambucus canadensis,인동과,낙엽관목,1
30. 전망대,65,팥배나무,Sorbus alnifolia,장미과,낙엽교목,1
32. 후문,1,꼬리조팝나무,Spiraea salicifolia,장미과,낙엽관목,30
32. 후문,2,단풍나무,Acer palmatum,단풍나무과,낙엽교목,9
32. 후문,3,머귀나무,Zanthoxylum ailanthoides,운향과,낙엽교목,1
32. 후문,4,새우난초,Calanthe discolor ,난초과,다년초,
32. 후문,5,소나무,Pinus densiflora,소나무과,상록교목,30
32. 후문,6,소사나무,Carpinus turczaninowii,자작나무과,낙엽교목,1
32. 후문,7,영산홍,Rhododendron indicum ,진달래과,낙엽관목,다수
32. 후문,8,졸참나무,Quercus serrata,참나무과,낙엽교목,1
32. 후문,9,편백,Chamaecyparis obtusa,측백나무과,상록교목,5
34. 야외학습장,1,감국,Dendranthema indicum ,국화과,다년초,
34. 야외학습장,2,감나무,Diospyros kaki ,감나무과,낙엽교목,2
34. 야외학습장,3,개똥쑥,Artemisia annua ,국화과,1년초,
34. 야외학습장,4,갯기름나물,Peucedanum japonicum,산형과,다년초,
34. 야외학습장,5,계요등,Paederia scandens var. scandens,꼭두서니과,다년초,
34. 야외학습장,6,구절초,Dendranthema zawadskii var. latilobum,국화과,다년초,
34. 야외학습장,7,꽈리,Physalis alkekengi var. franchetii,가지과,다년초,
34. 야외학습장,8,꿩의비름,Hylotelephium erythrostictum,돌나물과,다년초,30
34. 야외학습장,9,단풍나무,Acer palmatum,단풍나무과,낙엽교목,4
34. 야외학습장,10,더위지기,Artemisia gmelinii ,국화과,낙엽관목,
34. 야외학습장,11,두릅나무,Aralia elata,두릅나무과,낙엽관목,1
34. 야외학습장,12,란타나,Lantana camara,마편초과,낙엽관목,20
34. 야외학습장,13,맥문동,Liriope platyphylla,백합과,다년초,
34. 야외학습장,14,멀꿀,Stauntonia hexaphylla,으름덩굴과,상록덩굴목본,10
34. 야외학습장,15,무늬 석창포,Acorus gramineus 'Variegatus',천남성과,다년초,
34. 야외학습장,16,무늬 둥글레,Polygonatum odoratum var. pluriflorum 'Variegatum' ,백합과,다년초,
34. 야외학습장,17,물레나물,Hypericum ascyron,물레나물과,다년초,
34. 야외학습장,18,박하,Mentha piperascens,꿀풀과,다년초,
34. 야외학습장,19,반송,Pinus densiflora f. multicaulis,소나무과,상록관목,3
34. 야외학습장,20,범부채,Belamcanda chinensis,붓꽃과,다년초,
34. 야외학습장,21,벚나무,Prunus serrulata var. spontanea ,장미과,낙엽교목,1
34. 야외학습장,22,분꽃,Mirabilis jalapa,분꽃과,1년초,
34. 야외학습장,23,분홍할미꽃,Pulsatilla dahurica,미나리아재비과,다년초,
34. 야외학습장,24,붓꽃,Iris sanguinea,붓꽃과,다년초,
34. 야외학습장,25,사위질빵,Clematis apiifolia,미나리아재비과,낙엽덩굴목본,
34. 야외학습장,26,사철쑥,Artemisia capillaris,국화과,다년초,
34. 야외학습장,27,사철채송화(송엽국),Lampranthus spectabilis,번행초과,다년초,
34. 야외학습장,28,산국,Dendranthema boreale ,국화과,다년초,
34. 야외학습장,29,산딸나무,Cornus kousa,층층나무과,낙엽교목,2
34. 야외학습장,30,산사나무,Crataegus pinnatifida,장미과,낙엽교목,1
34. 야외학습장,31,산수유,Cornus officinalis,층층나무과,낙엽관목,7
34. 야외학습장,32,산옥매,Prunus glandulosa,장미과,낙엽관목,50
34. 야외학습장,33,산철쭉,Rhododendron yedoense f. poukhanense ,진달래과,낙엽관목,다수
34. 야외학습장,34,삼백초,Saururus chinensis ,삼백초과,다년초,
34. 야외학습장,35,삼지구엽초,Epimedium koreanum,매자나무과,다년초,
34. 야외학습장,36,삽주,Atractylodes ovata,국화과,다년초,
34. 야외학습장,37,서양측백,Thuja occidentalis,측백나무과,상록교목,30
34. 야외학습장,38,섬쑥부쟁이,Aster glehnii,국화과,다년초,
34. 야외학습장,39,세잎돌나물,Hylotelephium sieboldii ,돌나물과,다년초,
34. 야외학습장,40,소나무,Pinus densiflora,소나무과,상록교목,32
34. 야외학습장,41,수원잔대,Adenophora polyantha,초롱꽃과,다년초,
34. 야외학습장,42,스트로브잣나무,Pinus strobus ,소나무과,상록교목,1
34. 야외학습장,43,쑥부쟁이류,Aster sp. ,국화과,다년초,
34. 야외학습장,44,약모밀,Houttuynia cordata,삼백초과,다년초,
34. 야외학습장,45,엉겅퀴,Cirsium japonicum var. maackii ,국화과,다년초,
34. 야외학습장,46,영산홍,Rhododendron indicum ,진달래과,낙엽관목,5
34. 야외학습장,47,왕원추리,Hemerocallis fulva,백합과,다년초,
34. 야외학습장,48,왜당귀,Angelica acutiloba ,산형과,다년초,
34. 야외학습장,49,우엉,Arctium lappa,국화과,다년초,
34. 야외학습장,50,원추리류,Hemerocallis sp.,백합과,다년초,
34. 야외학습장,51,작약,Paeonia lancifolia,작약과,다년초,
34. 야외학습장,52,장미,Rosa sp.,장미과,다년초,
34. 야외학습장,53,참느릅나무,Ulmus parvifolia ,느릅나무과,낙엽교목,1
34. 야외학습장,54,초롱꽃,Campanula punctata,초롱꽃과,다년초,
34. 야외학습장,55,치커리,Cichorium intybus ,국화과,다년초,
34. 야외학습장,56,컴프리,Symphytum officinale,지치과,다년초,
34. 야외학습장,57,코스모스,Cosmos bipinnatus,국화과,1년초,
34. 야외학습장,58,큰꿩의비름,Hylotelephium spectabile,돌나물과,다년초,
34. 야외학습장,59,큰뱀무,Geum aleppicum,장미과,다년초,
34. 야외학습장,60,클레마티스 '넬리 모저',Clematis 'Nelly Moser' ,미나리아재비과,낙엽덩굴목본,
34. 야외학습장,61,클레마티스 '비올라',Clematis 'Viola' ,미나리아재비과,낙엽덩굴목본,
34. 야외학습장,62,클레마티스 '에투알 바이올렛',Clematis 'Etoile Violette' ,미나리아재비과,낙엽덩굴목본,
34. 야외학습장,63,팥배나무,Sorbus alnifolia,장미과,낙엽교목,1
34. 야외학습장,64,할미꽃,Pulsatilla koreana,미나리아재비과,다년초,
34. 야외학습장,65,황금낮달맞이꽃,Oenothera fruticosa ,바늘꽃과,다년초,
34. 야외학습장,66,흰배롱나무,Lagerstroemia indica f. alba,부처꽃과,낙엽교목,1
